"0","aea2161d-ff43-4b10-ac0e-933fb5809faa"
"1","9d2ff3d6-abc2-4378-b47c-cad42d4af1bc"
"2","df687d3b-ad26-49bb-86be-ed694e880252"
"3","77642c0c-277f-4a7d-9d08-f3f161d8e69c"
"4","6ae7c977-3f62-414e-98aa-5dc0da89b376"
"5","87c616fa-b498-4858-8439-68411a0a62e3"
"6","6d26fe2d-c9ce-4d86-b26f-78afbd22b5b6"
"7","f3a1dc17-764c-4435-a83b-17914d5dac6b"
"8","2c557c38-4136-436a-bae2-c5cd1102690c"
"9","00d31a4d-d523-43f1-b5c2-f96b33a69a99"
"10","cb04f082-b5d9-411c-86da-010123dfb5bf"
"11","edd65760-896f-4f6a-ba8c-eb2b072635f4"
"12","2b0444a1-9ec4-4c01-804e-a6cf07cb176d"
"13","8ccc8d39-5a97-4cb2-b708-d3ffefd5dc19"
"14","f29b1372-f4f3-4305-aa85-5fe214361fb7"
"15","26a604f0-071c-49ca-8a0e-e1d9c959b1c5"
"16","23b1fef3-0556-4a51-88fc-d4a223c3e934"
"17","7aacb57c-355d-4345-9d35-b34850058753"
"18","c68d0ed7-66d1-42cd-974e-01aa0f36c847"
"19","0d1d97b5-3c99-45bf-8a5d-e7a624b3ddb6"
"20","62e2b663-c26f-461e-ae26-43068010f993"
"21","052432ff-4709-4cfc-b3b6-82a34f6757ca"
"22","ddee4f0c-e9de-4a73-b87f-c34d674450cb"
"23","fa3b5219-d4bf-401a-a105-c0332d8496d2"
"24","930ab796-f1c7-47f0-bf04-0ef6ae44006b"
"25","3ed4d2a4-62ce-4807-b516-6da685804e1e"
"26","5292dcab-a674-467a-a21a-702d2c2a152b"
"27","60c591be-98fa-4844-b55b-6d55bc16493e"
"28","f003eae6-6818-4da9-a1d0-6e4f1677d49f"
"29","a745d992-b62f-4014-a524-9e5953ccffd3"
"30","1bb2d71d-cd5f-4a23-844b-8005dec7bd5c"
"31","cdabf95e-e712-4a93-8214-79d2d9a809a6"
"32","ef545d00-c22d-4eed-bd76-74d6432e2974"
"33","742c7d8c-d03a-49d8-bc71-46f5f828bf72"
"34","1725c9ed-29fd-438d-97f6-8f645a1865d4"
"35","c2dfcb78-dd5b-4406-8c95-0f884c4d89e1"
"36","e00c4398-a6e7-4330-813a-b3c3ac8da3d8"
"37","42033da8-485e-43be-99db-ffe2492767b4"
"38","10a165d1-1333-4c57-a942-b857542c4b45"
"39","ccb4fd67-d791-4b1f-80cb-42346313254e"
"40","a6edccd7-3ec8-419c-9405-703e8b4bdc8b"
"41","f8594608-c8c2-4544-94cb-8c0c78fbb4b0"
"42","16052cd0-6fb9-4c1f-bfcb-2574d21434f0"
"43","3e0a0bd7-7805-4e8f-836e-0cbcfee512af"
"44","956b9974-b044-494e-b5e4-d1cdbc5d5327"
"45","3deb411a-953b-45a7-955a-35a96ef4e86b"
"46","f6d7596c-e800-41e3-9076-077fda224aa1"
"47","9de26959-6d51-4a6e-b575-ec47e6bdafaf"
"48","8e9327fb-66d3-45ea-af24-d5f9d60e2cdc"
"49","e6bb2b09-daee-432d-9aff-45fc63d24fca"
"50","4b334c3f-aafd-440c-9c1f-02a98fd18ab5"
"51","a56e0dcf-94e4-48a0-b8b9-5e33e0ab69cf"
"52","75a78e48-0848-45ee-9df2-e2b328c1933d"
"53","275b820d-dd55-49aa-9b09-48b58e8ab5da"
"54","c4e23d98-fbde-449e-823f-872004cadc7a"
"55","862712ab-6534-45e2-ad89-1d8eb0fd26de"
"56","6f0efd3e-c241-437c-b25f-92dc1e83332c"
"57","564a75cd-8d7c-469b-a4b3-053d772b7d9d"
"58","4576e3fe-8eda-4e24-9823-eb68e4a9c953"
"59","d15a334b-d951-4991-89f0-cdf2599a9699"
"60","7fea28f0-eb30-4700-a592-c3eb1ffc7b0e"
"61","2a508eb8-cc74-43bb-9643-afd0c518d09f"
"62","0d466e68-7a97-4e27-a73c-6bda4010f7e7"
"63","7475c363-fa60-4348-a2e9-f3e2329fc20a"
"64","ad965629-9b13-448b-ab7a-7e69afad2fb4"
"65","02ea8321-aaff-4d03-8c50-20c241a82632"
"66","0083a83e-a716-4c67-aa49-d14fbcd00248"
"67","b74c27c0-081a-45b7-8e81-cdd84ff33490"
"68","50626002-c1bc-41a3-ade6-ee83ba4c548a"
"69","2718d6ad-07a2-4d98-bd7e-9cdb2b3f70db"
"70","1d206e3b-4641-4002-9d3d-940036154408"
"71","fdab4d92-8519-4090-b7e1-b794953b44e4"
"72","8e2cb19b-db70-41f4-b398-62c38fd22d2d"
"73","b9fabb99-ff73-4018-8521-08441d2f18cf"
"74","b50989c9-03d4-4201-a8d4-459dcea86b05"
"75","a70f015e-a9fe-45f1-958c-fc501ec7e2ea"
"76","89c3beb4-0fa3-4c3f-a065-7e53497cbe64"
"77","59e0ca88-f390-48d0-ade1-0c08f629c4f2"
"78","e3d22373-253f-4f48-9638-77d756473c6b"
"79","c5bb6398-319b-47c1-a5ef-c6ce9af4e9a6"
"80","261a60dd-5a01-4e6f-b7e8-a56bb21e2ad9"
"81","12e26b7f-d42f-4af0-b134-129f8aed8a90"
"82","ad3867b5-6146-44b8-a539-6ab08311e5fe"
"83","f18d051c-2aad-4287-823e-997499716da1"
"84","4b4bdd8a-e01c-4d77-8228-e19e241ad623"
"85","03d79bec-7af0-44e7-a012-f2e2dcacff30"
"86","4934fff3-aca3-4fb3-b242-60afbe8d4439"
"87","f3f7620a-f281-4a3a-a75e-0106ef9c4eb8"
"88","4363ead8-3cdd-4d95-b461-193dc928790d"
"89","c384fa33-67c3-4915-a878-4245f4cdcecc"
"90","a4fdfea1-1254-4f7b-9346-124dddb595bd"
"91","478efa9f-5743-4238-ad2e-750770d7da11"
"92","d22f3d7d-7507-4d30-b884-9bfdc68d59be"
"93","85cd3795-9fb0-43ce-87dc-ff07f2844dd3"
"94","2f87caef-8e9d-468f-925e-b0bf98e071f3"
"95","c624a6cd-31dc-49d3-a1e9-5482d06acbc6"
"96","09d28633-cff1-4cc4-9e11-161f350dbf60"
"97","228e59f1-b3de-471a-931f-45735ae6ba7e"
"98","dc8f69fe-f97c-404f-996c-1b934afa17b5"
"99","b3ea8191-f5c9-42f7-b301-fc3144c8d2a5"
"100","7836f02d-9d50-476c-8701-d0e4eda43de3"
"101","66e3efae-4d73-4f4e-adbd-85e2573580e4"
"102","3b67ec16-9ccd-47de-8753-53617df90c61"
"103","c3f26ef6-22f2-4a04-bb49-aa66cc949188"
"104","462f80ed-2611-4cf8-a204-c7a66ea241da"
"105","2a8501f7-2463-441c-901a-57d1a6573fe6"
"106","efb55635-4841-42b3-98f0-9aed90b2e826"
"107","649fc6c3-2f0c-4197-8777-e44e86696d60"
"108","c107f90f-68bb-4f16-b023-960e72e1fa3a"
"109","d13556da-e6dc-4c49-a9ec-b47517709da5"
"110","7b672666-b275-454f-968f-506e93987800"
"111","0a1aa046-e841-4813-907e-6567e596a079"
"112","d7d56a2b-bc35-4c89-87de-38c99e7d1c2f"
"113","04d60765-2c11-48eb-b9fa-c3eb847b91d5"
"114","23453c1f-3946-4db0-a75e-f8b6dab12569"
"115","86a9327f-50c1-44d9-aa06-08dc3f25b433"
"116","1dd8c1cf-ce0b-469d-9924-455dae4958f5"
"117","832b5533-fa5d-45ec-ba4f-2dca1e8f0bba"
"118","08d6ef2c-d97e-4b40-a5e3-0485b945f88b"
"119","74f9b43b-14d2-433c-acc0-8f0322427daa"
"120","e8ae14ad-159f-4d33-86f3-408e01aa4fdd"
"121","011e4de9-c66c-4ce6-ad22-2fd6ac9df2a6"
"122","00b9dfc4-ac8f-4fee-bbe0-a76aeeb75627"
"123","9e8fd38f-a406-4d87-8186-de37979d4d20"
"124","6785811b-60fb-48f2-ac17-642ab69d1dde"
"125","703d6094-850b-45fc-a01c-25ceddd49dcb"
"126","3d6d4fca-b7a9-44f3-a888-d3e43a79331a"
"127","52ff74a3-3d0f-4b2f-bfe3-23ff12f74354"
"128","b2a95e90-cfad-4f43-9860-513d31f47374"
"129","62fc0360-f8ff-4ee7-90f2-92da6a26640c"
"130","ed9c1986-99f7-4c15-af23-d735442a286b"
"131","3d8c87b7-2488-4982-860b-e7eda8d5d590"
"132","02666d0e-e9a9-4c9c-854b-a35972a3be64"
"133","413da151-24e7-4e94-b5c7-ce7994252586"
"134","f49d4249-2995-4a81-b67c-6abbce092b8f"
"135","3108f579-7c8e-44e5-8cd8-2fe107afb3ea"
"136","24fc1a2c-66aa-4152-a0d8-7d0dd5645151"
"137","9233e3ff-3040-45d3-a2de-873e41a1df76"
"138","24e5e3f7-ad7a-4083-abff-0a262f541dd9"
"139","6ad7cafc-e88c-4722-88c0-f5acba190527"
"140","5bd210b0-2377-45c8-9287-ec607acbbe60"
"141","faa18ecd-0edf-4167-8c30-8cf2b95f42e1"
"142","fd4946a4-1633-4627-9728-c1b5dd276ddb"
"143","e0f5e9a7-a384-48f9-9ec5-fe6aac81c440"
"144","acb4bf6e-b10e-4a6f-b9dc-b22be888c096"
"145","575c59bf-c5be-4558-8ab7-7bb672f62ffb"
"146","ef753ff4-2d7e-411c-880c-08222dd6a4c5"
"147","e9444d6d-714b-4cd7-aa9d-9527f425fdd7"
"148","ecbcd3ac-9937-4351-abd8-a727c0d0ad77"
"149","ae863b85-af05-40ee-a092-c97eb733d6fc"
"150","565faf2e-346d-4ba5-b9d3-99601ad33c74"
"151","375f4305-47bc-4abd-8c68-b67cb50e7036"
"152","f45bd228-43c8-482c-824c-71e48e8ef27a"
"153","7676bdb0-2cc4-4966-8d71-b1025244d911"
"154","120b90ce-8434-4e44-a32f-7e5da874eaf7"
"155","1cbba583-ef54-4de9-9364-4e7371bf4ac3"
"156","973c1ee1-2dc4-4cd7-be7c-32a37cb405de"
"157","d2cccaa0-415a-413a-964e-ff747f20b964"
"158","74c982f4-305f-411e-a8b4-d193315ab3bc"
"159","9d4fa368-3e44-4262-a213-4157a14d3677"
"160","05537cc1-9df6-4395-a3d4-1db6226c62b5"
"161","7161f887-4de6-4b5e-9066-f39d6cad9f16"
"162","382a7650-2231-4867-96e4-8d97242a4741"
"163","788700be-1e74-46d7-9e34-1a5ec2747548"
"164","cdca5dec-eeee-4849-9b2e-73b23e216465"
"165","cb5bfa64-c3fd-435c-b0da-3891a86b20d2"
"166","2e86af10-00e0-4dad-9cac-3b87ca9e468d"
"167","d83e6a25-e6c3-49df-9d0b-de3c5edb579b"
"168","6ebdb4c7-5626-4051-a91f-21fe6e636263"
"169","107478fd-2a4d-4fb0-81b9-1a448d3ba987"
"170","2c56eeab-7432-4c31-b413-68b0ee7e2d7c"
"171","8f461b33-37cf-4049-b04c-4aa0d2292e2d"
"172","c310aa38-b723-4a66-8700-47cffe7647f4"
"173","b7c60d19-d652-4fcc-af1a-85409c9c131f"
"174","c5cec892-2e43-4905-9d28-44fc8ecb5cc7"
"175","213026bc-fd7a-44e6-b543-a31c219aaef0"
"176","e63040c9-0027-4fd3-be30-67fe3e950140"
"177","2ae437c8-afe6-4d6d-9562-0423227878b2"
"178","b20baa46-0a1c-482b-a3f9-bbb8c14520e2"
"179","19945f75-8353-45e1-938f-a548fa05e05e"
"180","543fd6c7-fcf3-4df0-a4b2-891a8574b434"
"181","ce494e45-5ff6-48a7-8936-30163c58ed99"
"182","bc292fe3-2330-4a01-8615-412a19fd7f6d"
"183","87142f81-71ce-4d60-9b81-4fe5674112db"
"184","a97e03b0-e8da-49e2-9913-ad8c1826d869"
"185","a5872d78-28e7-48a3-b452-ceb29de035cc"
"186","379c94e6-7f27-42ab-ab45-66e3533ecde8"
"187","ec49b6a2-244f-4cfa-b49e-8dd19213b280"
"188","9a3f63f4-48b6-4fe0-9f59-9fac3d073750"
"189","645a71be-2a80-4228-b036-9de863576708"
"190","8d70c55b-d200-4f56-a159-28646427d4b1"
"191","d2550253-f55a-48e2-8f57-c3931c0359da"
"192","47c8ddc8-9dca-4363-a39e-95dd28008e30"
"193","1b672c70-b108-4ec9-b6f6-9f817adf7250"
"194","4bd38234-b485-4a94-bc2d-d3fc80d89955"
"195","9ebc44a7-5c1c-484e-8b06-ae390a48db17"
"196","f9f91495-3c3b-48e2-9f4c-a53b01c47f6c"
"197","54836777-b634-4a21-ab1e-2b0e426b640f"
"198","e34ec225-dda1-47fc-b56a-746da1965349"
"199","9aa55699-b91d-4e4a-921a-4b60569824bf"
"200","64109192-fd8e-422b-a9e8-74295d3d74ea"
"201","1aa62ea2-cb83-4778-86f0-4bd96332842c"
"202","75ffb576-34c6-4dae-87a6-0f45d6482070"
"203","6c37df0b-7eaf-48d4-85d8-2453014d8edf"
"204","8d948200-242c-47c3-b46a-ecdf40f7b39b"
"205","c0afc8a9-5c49-4f15-8834-6e39ff144da3"
"206","f71f9cfc-a107-4404-bb2c-7dc30e10e8da"
"207","9d43ff24-4165-4c48-bc5d-ccb89b0667bd"
"208","e3bffdbf-01eb-4309-bdb5-4358662eaac4"
"209","b06788d5-4715-4168-8f7d-d6380f73fe54"
"210","6d58d927-2e19-491c-b2d5-451cc47bf4d8"
"211","9a0d25cc-f5c2-4780-b674-38fe17e73f8e"
"212","1576f21e-9ca2-4f29-8b14-53ce98205a5b"
"213","78514976-87cf-4d89-85cd-9d0df590a317"
"214","d7e6366f-3f5c-4dbc-a1fc-b63de74ed7eb"
"215","76dfe171-525a-48ea-8652-b7537aa06572"
"216","edb1b2eb-dac7-4c4f-8967-35f61c75fd93"
"217","da80769e-0a55-4e05-bf58-1541842f4e82"
"218","b9457302-db10-49ad-98e2-1c44cdca24b9"
"219","ea3d81c0-c862-4e06-90aa-63f746e5ce6f"
"220","552785c2-43cd-41e6-a13a-818388b93968"
"221","eadfab64-b2a7-4704-8241-37ae3b42f705"
"222","fc4f02ab-2e74-4deb-8d83-ca3da65c99ff"
"223","edf0442a-4976-43f4-9a9c-66e43f0353ff"
"224","197f8869-1891-4e7d-9465-97b9183aed22"
"225","1af0aadf-7edc-401a-9750-0074b8b46b6a"
"226","51cfbd8b-5223-4101-b4f3-f62872a82b58"
"227","83e8cf5c-ad5a-4cfd-a0d0-eb4ca9f48127"
"228","dfb470c9-e7f2-4530-9b5b-3de8214501da"
"229","3bff8428-7481-4847-b00e-f0e49233b86d"
"230","819ef76e-1023-4f06-bfb1-96cd3e58ba88"
"231","94c39cef-53e1-41b2-bbc6-94a869d79c64"
"232","267248a3-baaa-4653-83b3-ce478d600b17"
"233","043e9b00-4a2f-41b8-bf2f-4aaa4442f138"
"234","d5016f16-6431-4e8f-b0cc-5f0f400b151a"
"235","01a87958-93cf-4efa-857f-10913b0573d9"
"236","515ee20d-20d8-4195-bea5-213e6f1fd929"
"237","ac5dda48-2bbf-453b-a4d5-517ae78499a1"
"238","4c24445d-a29b-446e-b03f-29e570e9d47d"
"239","91d167b1-652f-4ac8-adc4-973b548ccd5d"
"240","f94702c9-cb55-49e3-8cc4-138288fa1f13"
"241","4b2109f7-abfc-46b7-b752-f9423b6f2e35"
"242","6ebe5e2b-ef9a-4849-b234-131b25579adf"
"243","33b65ccc-58a0-487d-8b68-a997a71b0bfe"
"244","25575b2b-223c-48f3-ab6f-7133d26e86e8"
"245","99a71734-3128-4535-bb9c-f69de5277f49"
"246","2d546425-921e-4900-b249-fa5a1c7d5513"
"247","da59d582-9254-4091-988e-b670dcabe84a"
"248","a160804b-15cc-46e2-8ffb-401c2aa01de6"
"249","c27e460b-f3c3-4716-b20a-69f766d27f34"
"250","6d0d9986-5871-4e5c-a415-6457552595eb"
"251","663d3348-9700-487e-a30e-f472d933e859"
"252","47da23fc-17bb-4a66-9c6d-fb66fddb3be6"
"253","e0f9e669-4748-4cde-be95-58e47e094253"
"254","6209370e-abeb-4ec1-b523-dc21ea33fe0c"
"255","91cca4a9-a40f-43eb-9ba5-34c738b03d1f"
"256","542cacd4-c366-4a76-8d01-4ace6c5ce619"
"257","fb1fb4c7-78e8-47e7-8ff1-34a4afcd10c7"
"258","b6ac5f2e-907e-4926-88c0-355d30c6b7a5"
"259","8acc506a-41cf-4b62-ab1f-e6f523baf75b"
"260","7dc67bed-fd0f-4145-9525-5840bbcc4822"
"261","9c09eee2-e4bd-42ea-aaec-43a6d1451db3"
"262","db2a5655-6b32-4877-8285-40c6ddc9ba3c"
"263","d73b886e-2498-4c17-9346-a85f77d4a454"
"264","9385face-922e-4158-9632-7ab9fcb00166"
"265","464187d2-ff5c-4d42-9937-0206cffbd883"
"266","ef2e81c1-d06d-474f-b12c-14de1702db1b"
"267","57c4c674-9c66-4ab7-9067-81477824785d"
"268","31047680-b58e-407a-9f39-1b59fd656e13"
"269","8996b3c3-2569-473e-9d28-2b2cb17bc7a3"
"270","139d4b6a-2b6b-4bfa-8d00-1bc8e69923fd"
"271","c0542188-97dc-4cd5-a275-ede25d9797ba"
"272","5031a9db-aa48-4903-9b16-75a54f5959ce"
"273","f1746662-adec-4054-98bd-94b553bc6c6d"
"274","3d82f1a3-ad2a-4e81-a4e3-cb88c968f6e9"
"275","3c3d8cda-b79d-47a5-9bc4-378daf3d4358"
"276","48678652-cad7-40ae-918f-af432b37fdf9"
"277","1ab5006c-9156-4605-a670-68e1c2eb2e9a"
"278","b799b159-3bab-45f8-92e4-3107bca46513"
"279","e581b7dc-da92-421d-9262-a5781c287728"
"280","ad861a50-c881-4aa2-839b-d1248a810c77"
"281","172c1b1f-9dc0-41c8-885c-aba814e4fe08"
"282","c51bd0a9-99a7-463a-b20a-fe2e484ab26e"
"283","d7e26b38-f5a3-4ae3-9486-66d63222b336"
"284","45ce64f5-86ca-425a-8074-7603cdfc1d4a"
"285","a3d914e9-697d-425f-abda-a6b21b4de952"
"286","d4806e59-5ebe-40b1-b223-c8232691396d"
"287","2e715d3f-349f-41e1-bd89-7f685939d5aa"
"288","46fc87ec-0f7f-4c55-a5d3-721365c5f364"
"289","6a04c57e-0076-4f30-9f99-f92eba7fcd53"
"290","1240b6db-1f41-442a-88ce-5ab0944d804b"
"291","e961fe5b-cce0-4a1e-8742-936ab8088636"
"292","7e9abf0f-84a7-44e6-b4c3-e3da6f942072"
"293","d24cdfe7-bb26-403d-a854-dfa77506e5fb"
"294","5b609887-c1dd-407b-b3b6-b1eb35d1e818"
"295","20100af6-ccd1-41ff-b7b0-5d2f6bb99f85"
"296","6a7c1ad1-21e5-4b2e-bf04-cc08d639313c"
"297","7cd6a310-cf17-4f6d-a818-8f29d029778f"
"298","d3924bae-be5a-43a0-be19-64fc7c8d6059"
"299","01e5ced6-4813-4a22-a709-f68689c494c1"
"300","f817665f-e59a-43a0-9c86-0d39f64b594a"
"301","ceed114a-ddb5-47d4-9b7a-ef1ce9398e09"
"302","ad96a3cc-119e-4842-86cd-c633b1c702bb"
"303","bf0db0d2-8582-41d2-bcfe-5299bec3d06b"
"304","0b59767f-dcf2-43f3-895b-d876afed0063"
"305","3af29052-8fa5-4998-a0e0-b3ea188d8860"
"306","f7042d78-d7ae-4a0b-b273-197813c61648"
"307","936f57b0-0376-411e-a9c2-776681111efc"
"308","042cfada-38db-4af5-a1c8-13ddce0da29c"
"309","5ea1b039-9f46-45ac-b8d3-ba837f10f069"
"310","58e7abb1-de9f-47f9-864b-d5c8218f1769"
"311","9a564782-3a07-472b-ae06-5a7dfd123e7d"
"312","06484d1a-d956-49a4-b9de-e779696d001c"
"313","4c352619-ef4f-4919-b64c-ef11d4435754"
"314","ae2bb239-d304-4037-b35d-eb7d3ded91bf"
"315","d43b5a55-9e60-48f9-9e77-ac1cfa97dafa"
"316","2ed46940-a47c-4283-bf5d-6b52132da9b4"
"317","8f6dd44e-9191-4d5c-b5d3-75a6c027b360"
"318","7d005e15-c63a-44f0-b12e-b8599a9f0424"
"319","22c7914a-d836-4b41-93e7-7de9e3b9b11e"
"320","154e5001-729c-4a9f-983b-342d3092a0f3"
"321","310a7a9a-8d4e-4365-a877-1a8e2bac2a81"
"322","86a6eb4b-cb64-4451-9dc5-94efff6b8ed6"
"323","b1ef236a-9ecb-406c-b4f0-6ef0fbb50bd1"
"324","e1ec6e9b-6bfb-47ec-97b9-7b2048ae8233"
"325","079eb934-2fe8-4078-80c0-a4e8e60d9465"
"326","ac6af740-b19c-4326-8b39-40e302789849"
"327","4aa8cfcb-7aeb-430b-9726-f8bb8d8f4124"
"328","6222ad4d-f6d8-48c0-9f27-10e2b64d7481"
"329","bfb82ee6-345a-44a4-84e1-d6706cc8b29d"
"330","dc17bd30-20ac-47c3-9c42-af6b3cdebf6e"
"331","72091a02-bab4-40a7-9ee0-4c180ee24f99"
"332","2be9c88d-be24-4880-aa12-ea8dc685a726"
"333","c743b888-a53c-42b8-b4f0-3afc6d763617"
"334","d30acc39-3742-47bd-82de-f5e1b9af565d"
"335","b0c166d0-c6dd-4328-97a9-335c25fff2fb"
"336","79eaae57-56e1-4bb5-a573-bb9c829e8c8e"
"337","b7b36555-0ab1-4a64-ba01-3017e4809cf6"
"338","1980c435-9871-470c-973e-9253f8a3b122"
"339","e4dabc7e-9566-4e7d-8d28-cbec2f811798"
"340","23696e3e-a6c7-4ac3-8ba8-884718dd688c"
"341","9d5fa98d-ce5c-4e7a-8041-2fee8d28fe35"
"342","078b7202-f156-4936-8ca3-860055a20f1c"
"343","536fa669-d522-465a-a67a-589a07aa09ad"
"344","30e8ed70-1885-444a-9697-a89d5c524690"
"345","490e286d-0367-40f2-8ed6-60d70a60bdfd"
"346","31277649-04ec-45db-adfc-4a7d0a73686a"
"347","82b2446e-c12e-436a-8340-76d38372ead1"
"348","b665e908-9db0-4c06-a209-1a7e9f41f283"
"349","8600329a-4b2b-44c7-8e66-634b0d81ce3d"
"350","38e9a85a-ac7d-4cb0-bd43-a5ae2099640c"
"351","56c27d46-39b3-4ac1-b4f7-71c118d8dde9"
"352","ee47622e-4eb6-4fd0-81f7-97b33adde8d2"
"353","56450137-c20f-4793-972c-fb3fe56ae8d5"
"354","a0a6c5da-d68a-48dd-864f-e7632f8f6fde"
"355","ce79f42d-107f-4483-91c4-f5520c1d79e6"
"356","4270e6e1-4d30-416b-9ed3-5bc64d574148"
"357","c8fe583a-357b-4fa6-86f1-fc2de639c909"
"358","cf1cffd2-27e9-45b7-9720-0025e890f99b"
"359","f05191b9-468c-407b-9601-453a46fbaf1a"
"360","56b29112-55f3-4e0a-9279-f6437adb2847"
"361","1327d1ea-c923-44cf-85b0-eb9e1e272167"
"362","6bcaa132-06af-423a-9998-8f73161a2f73"
"363","9f97c3df-a0a3-4fa4-8570-094a2e65d8aa"
"364","4d9a507f-84a3-456a-8b60-6d1bf48816ca"
"365","5d8870cd-d401-4b52-a3dc-641c02b3b31f"
"366","4f87eff7-616b-4663-8f11-cd7a7ddd3649"
"367","d661f0e7-7f81-4227-80dd-f93aed873630"
"368","9413049d-a4f7-4c1c-8b8a-d2f1f4c18e53"
"369","79015536-c137-4c87-a337-99dcf3deff81"
"370","1ddd4971-348f-4e3b-bac7-23b3082792c4"
"371","45886651-bb90-4ae9-9a8b-ad6658514f37"
"372","8cf1190e-6967-47cc-81c7-7258ec75d70e"
"373","adb6b43b-06df-4daa-b8e6-bfaae277d6dd"
"374","52e52d0c-02d7-4965-a46e-93462e083659"
"375","071de01c-2838-485b-bbae-9b3acfdbcdd9"
"376","8951fabe-dbbf-4b32-82e2-e36da0b92fdb"
"377","4ac57cbd-c325-4d49-9e92-71ae3b6a65c6"
"378","abb3675f-8a83-4f48-8bfb-3703a961c205"
"379","a7ac32e0-c6ad-4663-a543-c9d3a9f2d0ec"
"380","f6ab96bf-1d6b-499b-be62-21dd8962d37d"
"381","ca9ca28a-3488-405f-8d74-8a609440ee95"
"382","b63b85fc-685e-454f-8f93-31db02b95a05"
"383","d405df88-2c4d-4b33-a051-583defdf72d8"
"384","0eda844f-466e-4855-8f35-bcede968cdf9"
"385","949d3fba-3b60-49ed-a83b-7180822d6bc0"
"386","8fd543c2-5d64-415f-befb-acb627cc1be3"
"387","063eb06e-57e0-43dd-b85e-90baed4f025c"
"388","e8d04f75-a134-452e-a04a-af5172d65040"
"389","344a6bb2-dada-45f3-ba66-6fdbbb57f394"
"390","1c146ed1-3b8d-4171-ab72-42668e6827be"
"391","8078b4a3-f928-41de-be6e-79ea410e8091"
"392","a76daffa-ba3f-4c09-a947-5b694aca4448"
"393","2a488683-f25b-4ecb-aea6-9a1c96d1e372"
"394","8746f5b3-e2a6-4067-95bc-9da3900690f8"
"395","9b8657b9-c820-43a0-ad19-25ea45a100f1"
"396","58305289-16ea-43cf-9144-2f23b383da81"
"397","5cf2b4da-c1b8-4005-930b-73cc39ac9d28"
"398","c0e407e9-fc15-43fa-9a61-4c79a3acb6a9"
"399","c94e1719-bcc7-4c6a-8563-505fad2f9db9"
"400","b44be747-32cb-41b7-9e1e-21472534b4b8"
"401","811379b2-2e27-4268-b821-940766960802"
"402","76fb5718-e965-46ab-9f0c-c82baf648abf"
"403","0e11729e-09d9-4a3c-83dd-1ee16ed4f2f8"
"404","4d7a6918-e6ed-4328-a7b6-1f5e874618d5"
"405","a3114f91-5182-4803-9ec6-fc1e6a7f9a87"
"406","57d0b848-3bf5-45db-bfe2-447933aee7fd"
"407","a91233a6-a786-4ca8-b50f-9faca5cb3733"
"408","1c4e94a1-c36a-4b8f-86be-a9b2ae736a71"
"409","dbd44b5e-acc7-4797-9c06-a07b19f03bdd"
"410","25ae7b90-4e78-49c3-8bd5-59712fc87b77"
"411","fd0d5e77-2074-4c3e-b708-4a2c0cc6f7a4"
"412","1bc2df6d-f59e-40f4-ade3-83a357676123"
"413","3cdfdc8b-a6ec-4aa9-bd10-0aab93237825"
"414","267adeca-82e1-4578-8d3f-85608cd0aa87"
"415","737a55bf-3ab9-472d-ac49-61309a13ef57"
"416","c5555c97-f068-435d-8e2a-635bbc184c16"
"417","bdfe2fc5-2d18-4c27-a2fe-c1a83f962730"
"418","31d3adbb-83ec-47aa-b2fa-7c874d710459"
"419","03fc3659-217c-4189-9da1-1d9ae8b29f2a"
"420","d3f65018-2833-4746-9425-dd78590f4f26"
"421","cd90265f-4593-446b-9153-623c2f339dc0"
"422","cd4d4ab6-0652-46dd-b887-71714317f470"
"423","62ecbf4b-19da-481e-8910-6201521c4bd9"
"424","b82023a0-5f10-4648-8230-74b159f6b185"
"425","ce84541b-a7f2-4d49-9074-040217580385"
"426","c40ae12e-bf54-40ad-aa30-2278d78f86bc"
"427","afbc81cf-82bc-4f9b-a96d-079f5cd12130"
"428","094e242e-85be-433b-b64a-1c951695568f"
"429","4e4e3ca6-b90d-484d-80e4-6fe6b0261532"
"430","c11040bb-b868-4ab9-91c6-6a3924cd5c19"
"431","a054889a-5380-4361-95e0-4482cf8bbe9f"
"432","7ebdfa78-1942-457e-8f30-f178525bb5f1"
"433","0e25d9c8-9b52-40db-9979-3d1492d9ffeb"
"434","9e41c3e8-db93-41db-9ce3-95b248af6c68"
"435","abd1afe4-2fb2-4f91-94aa-39d56f94ca05"
"436","7d016aa1-e2b3-4fb0-a51e-8e01df77c6c5"
"437","9f96d700-d8bc-4aa1-bce8-f284a9117bc7"
"438","5ed70947-70c6-4e1d-9241-7d670874a07f"
"439","caeab2bf-c814-43f2-a220-e13b6d557034"
"440","d34728c0-95de-49fd-a23d-735c7084556f"
"441","10c9e65e-ea35-47c9-a8a7-4de86c6438b8"
"442","0639fbba-70be-4398-857c-6786dab39bea"
"443","2588c8c7-5347-4d68-b9a0-c794e5fdf408"
"444","33d7dc96-ff04-4178-8f67-9c380d26f168"
"ERA Armour","b6904047-0232-442f-b444-d99a440edf2f"
"ERA Armour Slope 1m","10e8b2e3-2a00-46e8-94d5-44c0403df6bf"
"Glass block","2d519ca8-1f12-4a8e-9340-aa6648b5e799"
"Heavy Armour","0c03433e-8947-4e7d-9dec-793526fe06d1"
"Lead beam (4m)","f5d2db25-114e-473a-8313-96831ccd011e"
"Lead Block","e71e6f97-fbe8-4bf5-9645-d15179ba0c17"
"Light Block","288e3778-900b-4bfd-a455-e94ed75c6ec2"
"Light-weight Alloy Block","3cc75979-18ac-46c4-9a5b-25b327d99410"
"Metal Block","ab699540-efc8-4592-bc97-204f6a874b3a"
"Rubber Block","6c0bab88-aa88-4825-9cf5-55df36aa12b8"
"Stone beam (4m)","c7a19161-b361-4074-8c51-2398a0a70d1b"
"Stone Block","710ee212-563b-42f8-acd1-57515479524d"
"Window Block","d51549fd-2e38-4271-b85a-afded45400df"
"Wood Block","9a0ae372-beb4-4009-b14e-36ed0715af73"
"Wood Block Variant","f72b5a6e-081e-4889-b041-a90b2ca7ae4e"
"460","24f6df16-98dc-4176-93cf-456a5e4d7ab8"
"461","0a8d8d02-5d03-4488-8431-e75602fea1e4"
"462","c6497cec-51b5-4d94-940e-107990a25afd"
"463","d6c8b7aa-bdcd-459a-a2ec-fbbba09cffcf"
"464","8331c71c-5725-472d-ad2e-65e4110982b7"
"465","3a59c6f8-59dc-4a12-8fd3-c509a9d84906"
"466","a8dcd83f-ec5f-40fc-901e-0bf45a8e551b"
"467","2078227e-d38c-4f58-abd0-6f4878806a9f"
"468","9710b923-9e8c-4762-aa74-bffefb263a7e"
"469","576e79a6-07e1-4485-903d-e5929d512c08"
"470","953f1c50-c18f-43f4-815a-c19e5aff7af7"
"471","ba1d3193-abc5-4b8c-a512-e8fffe95ad99"
"472","968caa09-3778-40bd-97f9-0efffa676803"
"473","48122725-f6bd-45e5-a6a4-40fa2ffee1d4"
"474","b1ec687f-252d-4b35-b57f-a0cf0bb72212"
"475","8ca7ff43-d384-4588-a069-48ec57765db0"
"476","5c76e88d-29e4-4078-aed2-7686d5b1eec7"
"477","362cf2d2-533d-4622-b2c1-490843662d97"
"478","36eff35b-864d-4455-86e2-939996ca3f27"
"479","e4678db2-84c5-432b-b74a-93a75668d30a"
"480","d0ebae5a-99ab-4a5c-9bbd-e3034b403bc5"
"481","fbf439af-f29a-43ac-ab5c-b6608bac3933"
"482","37bdb55d-7df3-4fe1-9368-0f6b4984efc4"
"483","4ff9cbaf-1c15-4f02-b5af-1f2cc409e52f"
"484","9d9e187c-1a60-4f91-b0e2-986eb0743262"
"485","a6ae94db-ecaf-4fc9-ac0e-c5b72a7a95ec"
"486","87a14a81-8fe9-409c-91d3-895c6dbe4782"
"487","2d43ca1f-3b8b-4afa-8e5b-6aff25bab3a0"
"488","c34cf6d8-e1be-4463-9ac7-13f6048ea708"
"489","dd5186fb-4307-4484-9899-472edbf46343"
"490","e421db99-97a7-470f-a058-9387731815ea"
"491","88b62167-63ae-45aa-8c8d-fb496b7c13e5"
"492","28e3bb10-95af-4c63-934b-880f03d52be0"
"493","cd06f23c-9a61-448a-864e-529298e5bbd1"
"494","933a73ef-fb60-429f-9126-4f7d2a01605f"
"495","3d540639-ac08-4e71-a233-3b483f594c1b"
"496","c2dd399b-3563-496c-a7f3-5cc9984e2bd7"
"497","279f21cf-ea0b-4e4d-9b89-cff016a72e24"
"Alloy beam (2m)","8f9dbf41-6c2d-4e7b-855d-b2432c6942a2"
"Alloy beam (3m)","649f2aec-6f59-4157-ac01-0122ce2e6dad"
"Alloy beam (4m)","9411e401-27da-4546-b805-3334f200f055"
"Alloy beam slope diagonal cut (4m)","9af822b3-80d9-46bd-9ce0-e6e5c2e61da4"
"Alloy beam slope diagonal cut (4m) mirrored","b5d46bb7-d49e-42f6-817b-323fbf6d62b0"
"Alloy down slope (1m)","911fe222-f9b2-4892-9cd6-8b154d55b2aa"
"Alloy down slope (2m)","c6176cb5-0a32-4d68-a749-8ee33b2230c1"
"Alloy down slope (4m)","2a3905ff-2030-421d-a2bf-90fba71c1c5e"
"Alloy down slope 3m","a3ea61a8-018c-4277-afd9-ac0a34faa759"
"Alloy inverted corner (right) (1m)","62f61c31-a453-44ce-87a2-b5ce142fb052"
"Alloy inverted triangle corner (left) (1m)","95a626e6-f1b8-491a-aa31-8de5a2beb513"
"Alloy inverted triangle corner (left) (2m)","51b37dbf-2beb-425b-a817-89434838c857"
"Alloy inverted triangle corner (left) (3m)","8c2aaf82-442e-46a7-9ea5-1b7862cacb87"
"Alloy inverted triangle corner (left) (4m)","ba5c8d03-9093-47a9-a8cd-b721ceeee1dd"
"Alloy inverted triangle corner (right) (2m)","967f98c3-d708-4602-9c71-0f34562cdfca"
"Alloy inverted triangle corner (right) (3m)","2cdbdb66-132e-4202-90c6-e0a2d8022cc6"
"Alloy inverted triangle corner (right) (4m) mirrored","afb33fc2-3071-408a-b312-da22478c0a14"
"Alloy square corner (left) (1m)","f2df1943-1ebf-47c6-9b81-ad613b7c5d5b"
"Alloy square corner (left) (2m)","272f0dea-8aac-4ca9-98e6-79897e7df0f9"
"Alloy square corner (left) (3m)","7dd4933f-8a0d-478e-b0a2-1e2c2f1c6957"
"Alloy square corner (left) (4m)","1e5247be-25c1-45bc-92a6-e2ab1bfaaa8c"
"Alloy square corner (right) (3m)","d7b990f8-86fc-476c-bc8d-44ba9ecd1c05"
"Alloy square corner (right) (4m)","7530d72e-1b5b-408c-9abc-59957a90970f"
"Alloy square corner (right)(1m)","902446c4-ff32-4118-83ac-1f4bf89c56d1"
"Alloy square corner (right)(2m)","29c40e04-59fb-45dc-a80b-31ee1c4f82ac"
"Alloy triangle corner (left) (1m)","a4b0d100-c480-4697-b606-489d80a6d376"
"Alloy triangle corner (left) (2m)","90c9965a-1dcc-4786-a2d2-6299fed7260f"
"Alloy triangle corner (left) (3m)","b2ca635d-350c-4977-b8d4-2b2dd28cd2d7"
"Alloy triangle corner (left) (4m)","a6cfd078-bc39-4ad8-a47f-49097913a27b"
"Alloy triangle corner (right) (1m)","ad3e7665-cf63-4135-835f-2f743c69bb36"
"Alloy triangle corner (right) (2m)","27692d7a-c05f-4ac4-ac98-f25e359faebc"
"Alloy triangle corner (right) (3m)","8aceae65-2dce-44b7-94b1-b4bd34d287a5"
"Alloy triangle corner (right) (4m) mirrored","2b1b3011-0b81-472e-aa42-26383f453268"
"Alloy wedge (1m)","f1a3f1bd-b5f7-43bf-9b72-c7a060c24f73"
"Alloy wedge (2m)","efb3284f-bedc-453f-9519-043f77f2e85d"
"Alloy wedge (3m)","0d915e65-114c-4945-9585-ac58ad90223f"
"Alloy wedge (4m)","791dfc7d-24d9-4e87-b639-d19561b6cb26"
"Glass beam (2m)","aa355fd9-295c-43f3-9f11-7a781a9808b0"
"Glass beam (3m)","049b9d0c-1cb3-4511-be7f-9fad6e0a607e"
"Glass beam (4m)","395179c1-37a0-4250-851b-5bc19fd601b6"
"Glass beam slope diagonal cut (4m)","35abb89b-33b8-4cb4-b3d0-ee132247de8d"
"Glass beam slope diagonal cut (4m) mirrored","0c64d302-c6df-42eb-a0ff-7c90f867ba4b"
"Glass down slope (1m)","174b5b41-b70e-485d-b00a-a61cc9826b2c"
"Glass down slope (2m)","69feebc3-e241-4dff-a000-736def80c851"
"Glass down slope (4m)","c4ef6072-822a-4fa5-b618-e7fc0508c499"
"Glass down slope 3m","b148f5b4-e237-41a0-a1a3-30c455321149"
"Glass inverted corner (right) (1m)","729b7ea3-59d5-4182-9177-684da6fbe0a9"
"Glass inverted triangle corner (left) (1m)","e42929f1-ccd0-4fff-8413-6cb94cf08405"
"Glass inverted triangle corner (left) (2m)","bb0337d9-69f7-48f1-9c12-2de83ceff42d"
"Glass inverted triangle corner (left) (3m)","c34145c5-bc8c-48c3-bafb-ebda44f1e300"
"Glass inverted triangle corner (left) (4m)","04993e98-6b77-46d3-ad80-5278550e9b65"
"Glass inverted triangle corner (right) (2m)","5e73653e-519c-4f13-9f69-1d80c19151d8"
"Glass inverted triangle corner (right) (3m)","217d4bdc-4b0d-4986-be2c-de98efd00f62"
"Glass inverted triangle corner (right) (4m) mirrored","7434948c-1b56-4dd0-bb0c-a3d291653f09"
"Glass square corner (left) (1m)","d3a729d9-c25f-419c-ba7e-63cd2cac1a4d"
"Glass square corner (left) (2m)","09957acb-9916-41ea-8799-66b0359ccb31"
"Glass square corner (left) (3m)","84cf449c-e1ae-49a4-a170-c63464106cfe"
"Glass square corner (left) (4m)","13d4b7b9-897b-4c71-be66-13aba3c3310b"
"Glass square corner (right) (3m)","699ccf4d-45a4-4635-ba4d-850a40ba6e0a"
"Glass square corner (right) (4m)","0bc8fd97-b7ae-4a59-98b8-2f60fe4cf874"
"Glass square corner (right)(1m)","87103032-b0e5-47c4-a632-ba33da2cbe1b"
"Glass square corner (right)(2m)","585d7b93-955d-4099-b9f5-2ea41797f419"
"Glass triangle corner (left) (1m)","0375d846-a203-4813-a330-0d8fd1e6586e"
"Glass triangle corner (left) (2m)","3f349a8a-e5a1-4f43-9cc4-cea2f0f5b623"
"Glass triangle corner (left) (3m)","ea84e01f-5fac-4269-9754-c2c934e4b7d6"
"Glass triangle corner (left) (4m)","48360916-a894-4bd8-b8b5-4595bb7ccf2e"
"Glass triangle corner (right) (1m)","787524d3-1b60-44d8-bef2-d42156c55446"
"Glass triangle corner (right) (2m)","d9952f54-1e40-4e5e-87af-b1011ca18b83"
"Glass triangle corner (right) (3m)","2e691f79-065c-42bb-879a-a91a3cda67e9"
"Glass triangle corner (right) (4m)","37999ce4-4189-4d46-bd77-4b7b5ec4be62"
"Glass wedge (1m)","573f6de1-1379-49f8-8342-588bd81a50b7"
"Glass wedge (2m)","a2922c8c-4da3-433a-a6b9-85ee0620d876"
"Glass wedge (3m)","f163ed91-e4c2-40f0-bb83-0540f4dc9706"
"Glass wedge (4m)","6bc790f3-c15a-4aa4-adb1-a1f9c8265b4b"
"Heavy amour wedge (2m)","ec907a52-f1aa-40df-8d63-cf1911a42abc"
"Heavy armour beam","867cea4e-6ea4-4fe2-a4a1-b6230308f8f1"
"Heavy armour beam (2m)","242e07fa-399f-4caa-bfc2-1b77bd2bd538"
"Heavy armour beam (3m)","49714981-369a-4158-aff6-e562ee5f98d5"
"Heavy armour beam slope diagonal cut (4m)","6e5c9f1d-160b-49b1-9b74-606d2f695c7e"
"Heavy armour beam slope diagonal cut (4m) mirrored","c61c1c19-cc53-49a2-b207-9de6b9ce328a"
"Heavy armour down slope 1m","78b81c0a-44df-4c24-b2a5-5d273737da60"
"Heavy armour down slope 2m","525d85fc-f4d4-49ea-bebd-dc51bc562adf"
"Heavy armour down slope 3m","98467918-ec0c-47e1-8ce6-55949326eb4f"
"Heavy armour down slope 4m","983ebe9d-535e-4bdb-a37f-6b681a96f5a3"
"Heavy armour inverted triangle corner (left) (1m)","1a48f832-e111-430b-9639-38bb63ec749e"
"Heavy armour inverted triangle corner (left) (2m)","5f579567-d069-4a88-b866-d9ef5d85c8c5"
"Heavy armour inverted triangle corner (left) (3m)","1fcaab1e-18b8-4eb0-a36b-0451b58cf403"
"Heavy armour inverted triangle corner (left) (4m)","882c8ced-9183-4fa2-9661-2b150e3bf769"
"Heavy armour inverted triangle corner (right) (1m)","29506948-3688-4a66-999b-05b8aca583f3"
"Heavy armour inverted triangle corner (right) (2m)","4de90e1c-b6e4-48e6-8304-f624123ea33b"
"Heavy armour inverted triangle corner (right) (3m)","75941ed5-78d5-41e9-8dca-e3fd9a5ce9ab"
"Heavy armour inverted triangle corner (right) (4m) mirrored","6de2590c-63bc-4f65-bc4d-edaa7b79a342"
"Heavy armour square corner (left) (1m)","e5e9f07e-d956-495c-bd47-8749b51916ac"
"Heavy armour square corner (left) (2m)","c9ec7ef3-0fe9-4e52-8e92-d6259775b38e"
"Heavy armour square corner (left) (3m)","ecfa83b1-fe79-414d-a529-cb72c18e1806"
"Heavy armour square corner (left) (4m)","3f6eb436-9c32-4e9a-8dc2-cef5acc17478"
"Heavy armour square corner (right) (3m)","73141f86-d17d-4362-91a5-a885fbb815d7"
"Heavy armour square corner (right) (4m)","d3e683bf-14e4-482c-90da-d2220018517e"
"Heavy armour square corner (right)(1m)","a2b2dfdc-d014-466b-8d45-9432c9866f6a"
"Heavy armour square corner (right)(2m)","21de9d6e-f13f-4c1d-862e-17a1428a0c50"
"Heavy armour triangle corner (left) (1m)","b9948d0c-d9da-4c22-adb3-ed3fd8509806"
"Heavy armour triangle corner (left) (2m)","e1bb3954-5a2f-4039-bb6c-3b6489cc007c"
"Heavy armour triangle corner (left) (3m)","49be6be8-e17b-4bc6-b206-3aece5fb3708"
"Heavy armour triangle corner (left) (4m)","503161e4-286e-48d3-bcab-61b8769c806e"
"Heavy armour triangle corner (right) (1m)","bb9ea0e4-c446-49bc-b4f1-3d2daec6c9f0"
"Heavy armour triangle corner (right) (2m)","d557b2d6-4e84-49fc-ba75-35f6c87036c2"
"Heavy armour triangle corner (right) (3m)","ca49a92a-1ae1-45c6-9b8f-aad28d9859c1"
"Heavy armour triangle corner (right) (4m) mirrored","a8aebdd1-1479-4b00-8415-8f6da2018dc6"
"Heavy armour wedge (1m)","a0945b5c-2f1e-45ce-95fb-721e5657afa7"
"Heavy armour wedge (3m)","4fa0ea70-46da-4fed-bde1-01dea3f3056b"
"Heavy armour wedge (4m)","9435a1c1-00a3-4a9c-9aa5-05713a221bc5"
"Metal beam (2m)","2a22f176-01c2-42f2-a7d2-2c7054504aa9"
"Metal beam (3m)","46f54639-5f91-4731-93eb-e5c0a7460538"
"Metal beam (4m)","a7f5d8de-4882-4111-9d01-436493e5b2d8"
"Metal beam slope diagonal cut (4m)","0d554a9d-7d06-48b3-8aea-ffaeaa30380a"
"Metal beam slope diagonal cut (4m) mirrored","e5d065f6-907b-450d-b998-213cdc54eec1"
"Metal down slope (1m)","5548037e-8428-43f8-bcb6-d730dbcd0a79"
"Metal down slope (2m)","8477bbec-974c-45bf-a1ce-49a48d5b5307"
"Metal down slope (4m)","db9ed060-d556-435b-945c-19c923e233d3"
"Metal down slope 3m","a09be1c6-93fd-4b54-b9ca-62e60efbc818"
"Metal inverted corner (right) (1m)","de50f4f6-3d7e-4d6b-ae34-e6a34b24b104"
"Metal inverted triangle corner (left) (1m)","442f3ea3-c7cd-4759-84ee-a0d2fac5a711"
"Metal inverted triangle corner (left) (2m)","b9d21957-633f-4926-9562-4cfab38badee"
"Metal inverted triangle corner (left) (3m)","91183077-8eac-4e29-a197-9190429ef0ba"
"Metal inverted triangle corner (left) (4m)","ac09f902-8921-4a58-aad5-c679706697f6"
"Metal inverted triangle corner (right) (2m)","2ddec223-13c2-4bf9-ba05-66338c51bd45"
"Metal inverted triangle corner (right) (3m)","098917ec-d86a-4cee-9c65-7997295bc248"
"Metal inverted triangle corner (right) (4m) mirrored","5f07c608-acf2-4cc5-97d0-1a0a96acb9e3"
"Metal square corner (left) (1m)","2f5f91c0-bebf-4de2-bf70-8d9bc1816997"
"Metal square corner (left) (2m)","f6f120ee-fbc3-49f8-a2a3-a49e8674b8c8"
"Metal square corner (left) (3m)","d09c2121-c7e4-4d99-9556-02b92d17a652"
"Metal square corner (left) (4m)","ca924c87-8012-448a-a6c7-a7ff91b0e801"
"Metal square corner (right) (3m)","225daaae-6f35-4489-aeb5-73e66e0664a4"
"Metal square corner (right) (4m)","b183f553-ce82-47c5-a4ed-6470b83b0d45"
"Metal square corner (right)(1m)","6f820954-63e4-4bc9-a299-8266e712d838"
"Metal square corner (right)(2m)","686e9438-d86e-4504-b9f6-7029b264924e"
"Metal triangle corner (left) (1m)","bcaf33a4-98c3-41d7-b416-438670e97d53"
"Metal triangle corner (left) (2m)","40659614-1b34-497a-b745-78497e4b2025"
"Metal triangle corner (left) (3m)","6641c0af-44e6-4f6c-8558-f5cdf3c3feee"
"Metal triangle corner (left) (4m)","52a61c5e-07be-4bb9-9649-d3375c66e97e"
"Metal triangle corner (right) (1m)","ee18a848-1319-4ff9-b5e5-3f3710635dbf"
"Metal triangle corner (right) (3m)","a30c0bb3-3f38-46da-8cd3-a813aabaccc9"
"Metal triangle corner (right) (4m) mirrored","d48733e2-f003-4643-86a2-cb350fd0dc04"
"Metal triangle corner (right)(2m)","369eefd9-0c39-412e-a294-d0bb2251c509"
"Metal wedge (1m)","ea2f8200-a920-40fc-9715-d0f66ae5f492"
"Metal wedge (2m)","f07f759c-41d1-4095-8054-dc471687884b"
"Metal wedge (3m)","5c51a13b-a083-43dd-80ea-f340e6ef88f8"
"Metal wedge (4m)","1278df17-e3e8-4d29-aa8d-0f779cb60b1d"
"Wood beam (2m)","de36c624-8c78-4b52-8d86-431cec16a306"
"Wood beam (3m)","39553630-8281-40e4-96fb-b01c1f3537e6"
"Wood beam (4m)","05475442-0e52-4e0b-9fbb-2715f0e54f97"
"Wood beam slope diagonal cut (4m)","2ee817c1-f2a3-407a-847d-b97ffb844e45"
"Wood beam slope diagonal cut (4m) mirrored","d077c2a4-4578-4965-9318-c14bb7ac1bd6"
"Wood Block Variant 10","5631c137-ebe8-463b-880b-f7a6992d84d9"
"Wood Block Variant 11","e4786dcc-b1d5-4380-a0b9-c55d32ae6d82"
"Wood Block Variant 12","7854121c-adb3-4615-9646-25ed8bd13b53"
"Wood Block Variant 13","26d9ad5a-baf7-473d-a43a-dcc6e6d7ebf6"
"Wood Block Variant 2","26e35912-060b-4a13-a299-a2b0019ab6bc"
"Wood Block Variant 3","e5d3c632-b2dc-4be7-a5bc-623415f76d28"
"Wood Block Variant 4","4927aa86-8882-4b04-8ca7-44052bd00aa9"
"Wood Block Variant 5","ee5463c9-b9f8-4438-bb79-7f2364f69b61"
"Wood Block Variant 6","2db5d925-700e-4375-abcd-f79bb17a1855"
"Wood Block Variant 7","5a2c1219-d4e6-4bf4-a67d-c2b6478dc1e0"
"Wood Block Variant 8","b335e984-7bc1-4bb7-a3a6-44139d991f63"
"Wood Block Variant 9","1e311aa8-7a58-4ed9-a62e-bf236cf32982"
"Wood down slope (1m)","bdafa446-f615-49cb-94f3-d7652dde6cec"
"Wood down slope (2m)","b88679fb-0325-4c85-942f-ad9c6ed6545b"
"Wood down slope (4m)","3296c67d-6ace-44dd-8e86-335b9a90ad80"
"Wood down slope 3m","caec26b3-847c-4876-80e1-e6206003ecb5"
"Wood inverted corner (right) (1m)","c545a97c-6ac6-4181-a704-28031244aeb1"
"Wood inverted triangle corner (left) (1m)","17575457-18fa-43e0-a8cb-1331efc1c77e"
"Wood inverted triangle corner (left) (2m)","90ca403c-ddb5-4a55-ac6f-2ca2c970d6ad"
"Wood inverted triangle corner (left) (3m)","cefc210e-a06a-4e34-ace5-d24e5a525592"
"Wood inverted triangle corner (left) (4m)","ba05b02a-f2b2-4c5e-ba73-00a519535763"
"Wood inverted triangle corner (right) (2m)","6cc4ec54-404c-4989-9f85-9b59824faf96"
"Wood inverted triangle corner (right) (3m)","6c6cbf7a-6133-425b-8b29-41471889a67e"
"Wood inverted triangle corner (right) (4m) mirrored","fe628646-64da-462c-ac5c-1d4f976a129a"
"Wood square corner (left) (1m)","9c0d97cf-0c99-4565-a931-b1c5bdf8fc1b"
"Wood square corner (left) (2m)","c7b07df3-6afe-4616-9dd4-64f7687e98e9"
"Wood square corner (left) (3m)","63fd0968-5f9e-4afd-bde5-0a7f36645ce5"
"Wood square corner (left) (4m)","27e60f25-016f-49ca-a7f2-8b1e194f1d78"
"Wood square corner (right) (3m)","d61cc329-1652-4b93-9756-ac4380e5bd04"
"Wood square corner (right) (4m)","7d55bbc8-8692-40ee-944b-6b172680075a"
"Wood square corner (right)(1m)","f878fa09-cb47-4e1c-8f1e-df2544a6882a"
"Wood square corner (right)(2m)","12bfb5a0-772e-4d14-bb1a-00077211f70b"
"Wood triangle corner (left) (1m)","1ae7e9fe-c0c4-4bb4-a0d6-28e21789a66c"
"Wood triangle corner (left) (2m)","dee106ea-3e91-4b03-92ef-33038c5681a0"
"Wood triangle corner (left) (3m)","93cbaa78-9185-424f-814b-b568c3358316"
"Wood triangle corner (left) (4m)","ae98ddb2-901d-402b-8ab0-149b778acdb8"
"Wood triangle corner (right) (1m)","6448ddc8-a3df-465f-b819-52f1cf347983"
"Wood triangle corner (right) (2m)","92159a6b-a1b6-4f8b-9c08-503f2cbbd572"
"Wood triangle corner (right) (3m)","1e8bb65d-51b6-42bb-813c-1fba696454e8"
"Wood triangle corner (right) (4m) mirrored","e2ea58d4-ee32-432b-8086-29bf5675e5f7"
"Wood wedge (1m)","0b73f42f-ff32-4654-8857-aa13413bff33"
"Wood wedge (2m)","0cc588ec-037a-4eb1-b498-9f49a0669a36"
"Wood wedge (3m)","c82449ab-668c-4720-a641-381877751984"
"Wood wedge (4m)","2daf5d7e-b7bc-4017-bc0d-6fe32a676fa0"
