"UID","name", "width", "height", "length", "subconstruction"
"01e5ced6-4813-4a22-a709-f68689c494c1","299","0","0","0","0"
"8f6dd44e-9191-4d5c-b5d3-75a6c027b360","317","0","0","0","0"
"e1ec6e9b-6bfb-47ec-97b9-7b2048ae8233","324","0","0","0","0"
"079eb934-2fe8-4078-80c0-a4e8e60d9465","325","0","0","0","0"
"ac6af740-b19c-4326-8b39-40e302789849","326","0","0","0","0"
"36eff35b-864d-4455-86e2-939996ca3f27","478","0","0","0","0"
"e4678db2-84c5-432b-b74a-93a75668d30a","479","0","0","0","0"
"d0ebae5a-99ab-4a5c-9bbd-e3034b403bc5","480","0","0","0","0"
"fbf439af-f29a-43ac-ab5c-b6608bac3933","481","0","0","0","0"
"37bdb55d-7df3-4fe1-9368-0f6b4984efc4","482","0","0","0","0"
"4ff9cbaf-1c15-4f02-b5af-1f2cc409e52f","483","0","0","0","0"
"9d9e187c-1a60-4f91-b0e2-986eb0743262","484","0","0","0","0"
"a6ae94db-ecaf-4fc9-ac0e-c5b72a7a95ec","485","0","0","0","0"
"87a14a81-8fe9-409c-91d3-895c6dbe4782","486","0","0","0","0"
"2d43ca1f-3b8b-4afa-8e5b-6aff25bab3a0","487","0","0","0","0"
"c34cf6d8-e1be-4463-9ac7-13f6048ea708","488","0","0","0","0"
"dd5186fb-4307-4484-9899-472edbf46343","489","0","0","0","0"
"e421db99-97a7-470f-a058-9387731815ea","490","0","0","0","0"
"88b62167-63ae-45aa-8c8d-fb496b7c13e5","491","0","0","0","0"
"228e59f1-b3de-471a-931f-45735ae6ba7e","6-way connector","0","0","0","0"
"2f87caef-8e9d-468f-925e-b0bf98e071f3","AA Mantlet (2m)","0","0","0","0"
"dc8f69fe-f97c-404f-996c-1b934afa17b5","Adv. Firing piece","0","0","0","0"
"b3ea8191-f5c9-42f7-b301-fc3144c8d2a5","Advanced Cannon heatsink","0","0","0","0"
"7836f02d-9d50-476c-8701-d0e4eda43de3","Ammo Clip (1m shells)","0","0","0","0"
"66e3efae-4d73-4f4e-adbd-85e2573580e4","Ammo Clip (2m shells)","0","0","0","0"
"3b67ec16-9ccd-47de-8753-53617df90c61","Ammo Clip (3m shells)","0","0","0","0"
"c3f26ef6-22f2-4a04-bb49-aa66cc949188","Ammo Clip (4m shells)","0","0","0","0"
"462f80ed-2611-4cf8-a204-c7a66ea241da","Ammo Clip (6m shells)","0","0","0","0"
"2a8501f7-2463-441c-901a-57d1a6573fe6","Ammo Clip (8m shells)","0","0","0","0"
"efb55635-4841-42b3-98f0-9aed90b2e826","Ammo Controller","0","0","0","0"
"649fc6c3-2f0c-4197-8777-e44e86696d60","Ammo Customiser","0","0","0","0"
"c107f90f-68bb-4f16-b023-960e72e1fa3a","Ammo Customiser single module","0","0","0","0"
"d13556da-e6dc-4c49-a9ec-b47517709da5","Ammo Ejector","0","0","0","0"
"7b672666-b275-454f-968f-506e93987800","Ammo Ejector Backwards","0","0","0","0"
"0a1aa046-e841-4813-907e-6567e596a079","Ammo Input Feeder","0","0","0","0"
"d7d56a2b-bc35-4c89-87de-38c99e7d1c2f","Autoloader (1m shells)","0","0","0","0"
"04d60765-2c11-48eb-b9fa-c3eb847b91d5","Autoloader (2m shells)","0","0","0","0"
"23453c1f-3946-4db0-a75e-f8b6dab12569","Autoloader (3m shells)","0","0","0","0"
"86a9327f-50c1-44d9-aa06-08dc3f25b433","Autoloader (4m shells)","0","0","0","0"
"1dd8c1cf-ce0b-469d-9924-455dae4958f5","Autoloader (6m shells)","0","0","0","0"
"832b5533-fa5d-45ec-ba4f-2dca1e8f0bba","Autoloader (8m shells)","0","0","0","0"
"08d6ef2c-d97e-4b40-a5e3-0485b945f88b","Barrel","0","0","0","0"
"74f9b43b-14d2-433c-acc0-8f0322427daa","Barrel (2m)","0","0","0","0"
"e8ae14ad-159f-4d33-86f3-408e01aa4fdd","Barrel (3m)","0","0","0","0"
"011e4de9-c66c-4ce6-ad22-2fd6ac9df2a6","Barrel (4m)","0","0","0","0"
"00b9dfc4-ac8f-4fee-bbe0-a76aeeb75627","Belt feed autoloader (1m shells)","0","0","0","0"
"9e8fd38f-a406-4d87-8186-de37979d4d20","Bore Evacuator","0","0","0","0"
"d22f3d7d-7507-4d30-b884-9bfdc68d59be","Elevation Mantlet (1m)","0","0","0","0"
"c624a6cd-31dc-49d3-a1e9-5482d06acbc6","Elevation Mantlet (3m)","0","0","0","0"
"6785811b-60fb-48f2-ac17-642ab69d1dde","Fall of Shot Predictor","0","0","0","0"
"703d6094-850b-45fc-a01c-25ceddd49dcb","Gauge cooling unit","0","0","0","0"
"3d6d4fca-b7a9-44f3-a888-d3e43a79331a","Gauge increase","0","0","0","0"
"52ff74a3-3d0f-4b2f-bfe3-23ff12f74354","Gauge increase left right splitter","0","0","0","0"
"b2a95e90-cfad-4f43-9860-513d31f47374","Heavy Barrel","0","0","0","0"
"62fc0360-f8ff-4ee7-90f2-92da6a26640c","Heavy Barrel (2m)","0","0","0","0"
"ed9c1986-99f7-4c15-af23-d735442a286b","Heavy Barrel (3m)","0","0","0","0"
"3d8c87b7-2488-4982-860b-e7eda8d5d590","Heavy Barrel (4m)","0","0","0","0"
"02666d0e-e9a9-4c9c-854b-a35972a3be64","Heavy Barrel End","0","0","0","0"
"413da151-24e7-4e94-b5c7-ce7994252586","Heavy Barrel End (2m)","0","0","0","0"
"f49d4249-2995-4a81-b67c-6abbce092b8f","Heavy Barrel End (3m)","0","0","0","0"
"3108f579-7c8e-44e5-8cd8-2fe107afb3ea","Heavy Barrel End (4m)","0","0","0","0"
"24fc1a2c-66aa-4152-a0d8-7d0dd5645151","Heavy Barrel Start","0","0","0","0"
"9233e3ff-3040-45d3-a2de-873e41a1df76","Heavy Barrel Start (2m)","0","0","0","0"
"24e5e3f7-ad7a-4083-abff-0a262f541dd9","Heavy Barrel Start (3m)","0","0","0","0"
"6ad7cafc-e88c-4722-88c0-f5acba190527","Heavy Barrel Start (4m)","0","0","0","0"
"5bd210b0-2377-45c8-9287-ec607acbbe60","Hydraulic recoil absorber (1m)","0","0","0","0"
"faa18ecd-0edf-4167-8c30-8cf2b95f42e1","Hydraulic recoil absorber (2m)","0","0","0","0"
"fd4946a4-1633-4627-9728-c1b5dd276ddb","Hydraulic recoil absorber (4m)","0","0","0","0"
"e0f5e9a7-a384-48f9-9ec5-fe6aac81c440","Hydraulic recoil absorber (6m)","0","0","0","0"
"acb4bf6e-b10e-4a6f-b9dc-b22be888c096","Hydraulic recoil absorber (8m)","0","0","0","0"
"575c59bf-c5be-4558-8ab7-7bb672f62ffb","Laser Targeter","0","0","0","0"
"ef753ff4-2d7e-411c-880c-08222dd6a4c5","Muzzle Brake","0","0","0","0"
"85cd3795-9fb0-43ce-87dc-ff07f2844dd3","Omni Mantlet (1m)","0","0","0","0"
"09d28633-cff1-4cc4-9e11-161f350dbf60","Omni Mantlet (3x3m)","0","0","0","0"
"e9444d6d-714b-4cd7-aa9d-9527f425fdd7","Railgun barrel magnet","0","0","0","0"
"ecbcd3ac-9937-4351-abd8-a727c0d0ad77","Railgun Charger","0","0","0","0"
"ae863b85-af05-40ee-a092-c97eb733d6fc","Railgun Magnet Attaching Fixture","0","0","0","0"
"565faf2e-346d-4ba5-b9d3-99601ad33c74","Recoil absorber","0","0","0","0"
"375f4305-47bc-4abd-8c68-b67cb50e7036","Solid Ammo Clip (1m shells)","0","0","0","0"
"f45bd228-43c8-482c-824c-71e48e8ef27a","Solid Ammo Clip (2m shells)","0","0","0","0"
"7676bdb0-2cc4-4966-8d71-b1025244d911","Solid Ammo Clip (3m shells)","0","0","0","0"
"120b90ce-8434-4e44-a32f-7e5da874eaf7","Solid Ammo Clip (4m shells)","0","0","0","0"
"1cbba583-ef54-4de9-9364-4e7371bf4ac3","Solid Ammo Clip (6m shells)","0","0","0","0"
"973c1ee1-2dc4-4cd7-be7c-32a37cb405de","Solid Ammo Clip (8m shells)","0","0","0","0"
"aea2161d-ff43-4b10-ac0e-933fb5809faa","(CARD) Aerial AI","0","0","0","0"
"9d2ff3d6-abc2-4378-b47c-cad42d4af1bc","(CARD) Aim point selection","0","0","0","0"
"df687d3b-ad26-49bb-86be-ed694e880252","(CARD) Fortress AI","0","0","0","0"
"77642c0c-277f-4a7d-9d08-f3f161d8e69c","(CARD) Land AI","0","0","0","0"
"6ae7c977-3f62-414e-98aa-5dc0da89b376","(CARD) Naval AI","0","0","0","0"
"87c616fa-b498-4858-8439-68411a0a62e3","(CARD) Patrol","0","0","0","0"
"6d26fe2d-c9ce-4d86-b26f-78afbd22b5b6","(CARD) Propulsion Balancing","0","0","0","0"
"f3a1dc17-764c-4435-a83b-17914d5dac6b","(CARD) sailing","0","0","0","0"
"2c557c38-4136-436a-bae2-c5cd1102690c","(CARD) Target Prioritisation","0","0","0","0"
"00d31a4d-d523-43f1-b5c2-f96b33a69a99","(CARD) Tracker Target Association","0","0","0","0"
"cb04f082-b5d9-411c-86da-010123dfb5bf","(CARD) water start","0","0","0","0"
"edd65760-896f-4f6a-ba8c-eb2b072635f4","AI Card Slot","0","0","0","0"
"2b0444a1-9ec4-4c01-804e-a6cf07cb176d","AI Card Slot (this version now obsolete)","0","0","0","0"
"8ccc8d39-5a97-4cb2-b708-d3ffefd5dc19","AI Connector (5 way)","0","0","0","0"
"f29b1372-f4f3-4305-aa85-5fe214361fb7","AI Connector (6 way)","0","0","0","0"
"26a604f0-071c-49ca-8a0e-e1d9c959b1c5","AI Mainframe","0","0","0","0"
"23b1fef3-0556-4a51-88fc-d4a223c3e934","Anti Missile Cannon Controller","0","0","0","0"
"7aacb57c-355d-4345-9d35-b34850058753","Build conduit","0","0","0","0"
"c68d0ed7-66d1-42cd-974e-01aa0f36c847","Camera 360","0","0","0","0"
"0d1d97b5-3c99-45bf-8a5d-e7a624b3ddb6","Camera 90","0","0","0","0"
"62e2b663-c26f-461e-ae26-43068010f993","Camera Gimbal Tracker","0","0","0","0"
"052432ff-4709-4cfc-b3b6-82a34f6757ca","Enemy Simulator","0","0","0","0"
"ddee4f0c-e9de-4a73-b87f-c34d674450cb","Failsafe","0","0","0","0"
"fa3b5219-d4bf-401a-a105-c0332d8496d2","Fire pattern controller","0","0","0","0"
"930ab796-f1c7-47f0-bf04-0ef6ae44006b","Flag post","0","0","0","0"
"3ed4d2a4-62ce-4807-b516-6da685804e1e","General Purpose Processing Card","0","0","0","0"
"5292dcab-a674-467a-a21a-702d2c2a152b","Inter vehicle Transmitter","0","0","0","0"
"60c591be-98fa-4844-b55b-6d55bc16493e","IR Camera 360","0","0","0","0"
"f003eae6-6818-4da9-a1d0-6e4f1677d49f","IR Camera 90","0","0","0","0"
"a745d992-b62f-4014-a524-9e5953ccffd3","IR Camera Gimbal Tracker","0","0","0","0"
"1bb2d71d-cd5f-4a23-844b-8005dec7bd5c","Laser Range finder Tracker","0","0","0","0"
"cdabf95e-e712-4a93-8214-79d2d9a809a6","Laser warner","0","0","0","0"
"ef545d00-c22d-4eed-bd76-74d6432e2974","Local Weapon Controller","0","0","0","0"
"742c7d8c-d03a-49d8-bc71-46f5f828bf72","Lua Snooper","0","0","0","0"
"1725c9ed-29fd-438d-97f6-8f645a1865d4","Munition warner","0","0","0","0"
"c2dfcb78-dd5b-4406-8c95-0f884c4d89e1","Passive Radar 360","0","0","0","0"
"e00c4398-a6e7-4330-813a-b3c3ac8da3d8","Passive Sonar 360","0","0","0","0"
"42033da8-485e-43be-99db-ffe2492767b4","PID","0","0","0","0"
"10a165d1-1333-4c57-a942-b857542c4b45","Radar 360","0","0","0","0"
"ccb4fd67-d791-4b1f-80cb-42346313254e","Radar 90","0","0","0","0"
"a6edccd7-3ec8-419c-9405-703e8b4bdc8b","Radar Gimbal Tracker","0","0","0","0"
"f8594608-c8c2-4544-94cb-8c0c78fbb4b0","Range Finder (5m)","0","0","0","0"
"16052cd0-6fb9-4c1f-bfcb-2574d21434f0","Range Finder (5m) armour","0","0","0","0"
"28e3bb10-95af-4c63-934b-880f03d52be0","Range Finder (7m)","0","0","0","0"
"cd06f23c-9a61-448a-864e-529298e5bbd1","Range Finder (7m) armour","0","0","0","0"
"933a73ef-fb60-429f-9126-4f7d2a01605f","Range Finder (9m)","0","0","0","0"
"3d540639-ac08-4e71-a233-3b483f594c1b","Range Finder (9m) armour","0","0","0","0"
"3e0a0bd7-7805-4e8f-836e-0cbcfee512af","Retroreflection Sensor 360","0","0","0","0"
"d3cc2b19-daee-432d-9aff-45fc63d24fca","Signal Jammer","0","0","0","0"
"956b9974-b044-494e-b5e4-d1cdbc5d5327","Smoke dispenser","0","0","0","0"
"3deb411a-953b-45a7-955a-35a96ef4e86b","Sonar 360","0","0","0","0"
"f6d7596c-e800-41e3-9076-077fda224aa1","Sonar 90","0","0","0","0"
"9de26959-6d51-4a6e-b575-ec47e6bdafaf","Telescope Camera Gimbal Tracker","0","0","0","0"
"8e9327fb-66d3-45ea-af24-d5f9d60e2cdc","Tracking Computer","0","0","0","0"
"e6bb2b09-daee-432d-9aff-45fc63d24fca","Wireless Receiver","0","0","0","0"
"4b334c3f-aafd-440c-9c1f-02a98fd18ab5","Wireless Snooper","0","0","0","0"
"a56e0dcf-94e4-48a0-b8b9-5e33e0ab69cf","Wireless Transmitter","0","0","0","0"
"75a78e48-0848-45ee-9df2-e2b328c1933d","Aero Elevator (pitch only)","0","0","0","0"
"275b820d-dd55-49aa-9b09-48b58e8ab5da","Aero Rudder (yaw only)","0","0","0","0"
"c4e23d98-fbde-449e-823f-872004cadc7a","Aileron","0","0","0","0"
"862712ab-6534-45e2-ad89-1d8eb0fd26de","Dedicated heliblade extension","0","0","0","0"
"6f0efd3e-c241-437c-b25f-92dc1e83332c","Dedicated heliblade pole extender","0","0","0","0"
"564a75cd-8d7c-469b-a4b3-053d772b7d9d","Dedicated heliblade spinner","0","0","0","0"
"d15a334b-d951-4991-89f0-cdf2599a9699","Helicopter blade","0","0","0","0"
"7fea28f0-eb30-4700-a592-c3eb1ffc7b0e","Helicopter blade (unstabilised)","0","0","0","0"
"2a508eb8-cc74-43bb-9643-afd0c518d09f","Helicopter Blade (Upside down!!)","0","0","0","0"
"0d466e68-7a97-4e27-a73c-6bda4010f7e7","Helium Pump","0","0","0","0"
"7475c363-fa60-4348-a2e9-f3e2329fc20a","Hot air balloon Deployer","0","0","0","0"
"ad965629-9b13-448b-ab7a-7e69afad2fb4","Hover Jet","0","0","0","0"
"02ea8321-aaff-4d03-8c50-20c241a82632","Huge Ion Thruster","0","0","0","0"
"0083a83e-a716-4c67-aa49-d14fbcd00248","Huge Ion Thruster circular","0","0","0","0"
"b74c27c0-081a-45b7-8e81-cdd84ff33490","Huge Jet Engine","0","0","0","0"
"50626002-c1bc-41a3-ade6-ee83ba4c548a","Huge Jet Engine flush","0","0","0","0"
"2718d6ad-07a2-4d98-bd7e-9cdb2b3f70db","Ion Thruster","0","0","0","0"
"1d206e3b-4641-4002-9d3d-940036154408","Ion Thruster circular","0","0","0","0"
"fdab4d92-8519-4090-b7e1-b794953b44e4","Jet Combuster","0","0","0","0"
"8e2cb19b-db70-41f4-b398-62c38fd22d2d","Jet Compressor","0","0","0","0"
"b9fabb99-ff73-4018-8521-08441d2f18cf","Jet controller","0","0","0","0"
"b50989c9-03d4-4201-a8d4-459dcea86b05","Jet Engine","0","0","0","0"
"a70f015e-a9fe-45f1-958c-fc501ec7e2ea","Jet Engine flush","0","0","0","0"
"89c3beb4-0fa3-4c3f-a065-7e53497cbe64","Jet Exhaust","0","0","0","0"
"59e0ca88-f390-48d0-ade1-0c08f629c4f2","Jet extra combuster","0","0","0","0"
"e3d22373-253f-4f48-9638-77d756473c6b","Jet extra compressor","0","0","0","0"
"c5bb6398-319b-47c1-a5ef-c6ce9af4e9a6","Jet fuel injector","0","0","0","0"
"261a60dd-5a01-4e6f-b7e8-a56bb21e2ad9","Jet intake","0","0","0","0"
"12e26b7f-d42f-4af0-b134-129f8aed8a90","Jet intake add-on","0","0","0","0"
"ad3867b5-6146-44b8-a539-6ab08311e5fe","Jet Stabiliser","0","0","0","0"
"f18d051c-2aad-4287-823e-997499716da1","Mock Wheel","0","0","0","0"
"4b4bdd8a-e01c-4d77-8228-e19e241ad623","Mock Wheel Mirror","0","0","0","0"
"03d79bec-7af0-44e7-a012-f2e2dcacff30","Switch","0","0","0","0"
"4934fff3-aca3-4fb3-b242-60afbe8d4439","Tailplane","0","0","0","0"
"f3f7620a-f281-4a3a-a75e-0106ef9c4eb8","Wheel (power)","0","0","0","0"
"4363ead8-3cdd-4d95-b461-193dc928790d","Wheel (turning)","0","0","0","0"
"c384fa33-67c3-4915-a878-4245f4cdcecc","Wheel mirror(power)","0","0","0","0"
"a4fdfea1-1254-4f7b-9346-124dddb595bd","Wheel mirror(turning)","0","0","0","0"
"478efa9f-5743-4238-ad2e-750770d7da11","Wing","0","0","0","0"
"51f8afc5-b071-4639-9f96-693b952fdf80","Applique Panel","0","0","0","0"
"5dc0032d-d532-4766-b081-4204947bcaa0","Applique Panel 2m","0","0","0","0"
"195e0661-21dc-4fba-88f1-81481f3bf409","Applique Panel 3m","0","0","0","0"
"1fa6e1a9-83fb-4efc-b9bc-19ea0d1005cb","Applique Panel 4m","0","0","0","0"
"ec641c5f-d6fa-4e58-8158-142f44c2516a","Applique Slope 0.5m","0","0","0","0"
"9083c801-30fd-4c67-b571-b67aeb48ec88","Applique Slope 1.5m","0","0","0","0"
"2eca89e0-5c2f-4b1c-a5bf-df5190e13ef4","Applique Slope 1m","0","0","0","0"
"5db44623-9d7e-40f1-ac8b-c91e15a709f1","Applique Slope 2.5m","0","0","0","0"
"85ea264e-6ef0-48df-9adc-9b1a8fe15247","Applique Slope 2m","0","0","0","0"
"486800cf-72f3-470d-9b3c-db6066fbca00","Applique Slope 3.5m","0","0","0","0"
"f62c34b8-727e-4f6d-8d75-97c52631b7f9","Applique Slope 3m","0","0","0","0"
"548c437e-66c2-4783-8b22-1ce784019672","Applique Slope 4.5m","0","0","0","0"
"60bc1939-6207-4b3e-9f31-444ed626c775","Applique Slope 4m","0","0","0","0"
"9a564782-3a07-472b-ae06-5a7dfd123e7d","Surge Protector","0","0","0","0"
"288e3778-900b-4bfd-a455-e94ed75c6ec2","Light Block","1","1","1","0"
"a3d914e9-697d-425f-abda-a6b21b4de952","Automated Control Block","0","0","0","0"
"2e715d3f-349f-41e1-bd89-7f685939d5aa","Chair","0","0","0","0"
"6a04c57e-0076-4f30-9f99-f92eba7fcd53","Complex Controller","0","0","0","0"
"1240b6db-1f41-442a-88ce-5ab0944d804b","Control Terminal","0","0","0","0"
"d24cdfe7-bb26-403d-a854-dfa77506e5fb","Drive maintainer","0","0","0","0"
"5b609887-c1dd-407b-b3b6-b1eb35d1e818","Fire control computer","0","0","0","0"
"20100af6-ccd1-41ff-b7b0-5d2f6bb99f85","Fortress Controller","0","0","0","0"
"d3924bae-be5a-43a0-be19-64fc7c8d6059","LUA Box","0","0","0","0"
"ceed114a-ddb5-47d4-9b7a-ef1ce9398e09","PID (General Purpose)","0","0","0","0"
"ad96a3cc-119e-4842-86cd-c633b1c702bb","Remote Vehicle Controller","0","0","0","0"
"936f57b0-0376-411e-a9c2-776681111efc","Ship's wheel","0","0","0","0"
"042cfada-38db-4af5-a1c8-13ddce0da29c","Spin Block Controller","0","0","0","0"
"ae2bb239-d304-4037-b35d-eb7d3ded91bf","Thrust Controller","0","0","0","0"
"2ed46940-a47c-4283-bf5d-6b52132da9b4","Vehicle Controller","0","0","0","0"
"22c7914a-d836-4b41-93e7-7de9e3b9b11e","Wireless Camera","0","0","0","0"
"2ae437c8-afe6-4d6d-9562-0423227878b2","Ammo Box","0","0","0","0"
"b20baa46-0a1c-482b-a3f9-bbb8c14520e2","Auto Loader x3 automatic orientation","0","0","0","0"
"19945f75-8353-45e1-938f-a548fa05e05e","Auto Loader x3 Manual Orientation","0","0","0","0"
"543fd6c7-fcf3-4df0-a4b2-891a8574b434","Barrel","0","0","0","0"
"ce494e45-5ff6-48a7-8936-30163c58ed99","Bomb Chute","0","0","0","0"
"bc292fe3-2330-4a01-8615-412a19fd7f6d","Elevation barrel","0","0","0","0"
"87142f81-71ce-4d60-9b81-4fe5674112db","EMP Pellets","0","0","0","0"
"a97e03b0-e8da-49e2-9913-ad8c1826d869","Firing piece","0","0","0","0"
"a5872d78-28e7-48a3-b452-ceb29de035cc","Flash Suppression Barrel","0","0","0","0"
"379c94e6-7f27-42ab-ab45-66e3533ecde8","Fragmentation Pellets","0","0","0","0"
"ec49b6a2-244f-4cfa-b49e-8dd19213b280","Fusing Box","0","0","0","0"
"9a3f63f4-48b6-4fe0-9f59-9fac3d073750","Gauge Increase","0","0","0","0"
"645a71be-2a80-4228-b036-9de863576708","Gauge Increase Corner","0","0","0","0"
"8d70c55b-d200-4f56-a159-28646427d4b1","Gauge Increase Port","0","0","0","0"
"d2550253-f55a-48e2-8f57-c3931c0359da","Gauge Increase Top","0","0","0","0"
"47c8ddc8-9dca-4363-a39e-95dd28008e30","Hardener Pellets","0","0","0","0"
"1b672c70-b108-4ec9-b6f6-9f817adf7250","Heavy Barrel","0","0","0","0"
"c2dd399b-3563-496c-a7f3-5cc9984e2bd7","Heavy Barrel End","0","0","0","0"
"279f21cf-ea0b-4e4d-9b89-cff016a72e24","Heavy Barrel Start","0","0","0","0"
"4bd38234-b485-4a94-bc2d-d3fc80d89955","High Explosive Pellets","0","0","0","0"
"9ebc44a7-5c1c-484e-8b06-ae390a48db17","Interface screen","0","0","0","0"
"f9f91495-3c3b-48e2-9f4c-a53b01c47f6c","Laser Targeter","0","0","0","0"
"54836777-b634-4a21-ab1e-2b0e426b640f","Motor Driven Barrel","0","0","0","0"
"e34ec225-dda1-47fc-b56a-746da1965349","Predictor","0","0","0","0"
"9aa55699-b91d-4e4a-921a-4b60569824bf","Recoil Suppression Barrel","0","0","0","0"
"64109192-fd8e-422b-a9e8-74295d3d74ea","Six Way Connector","0","0","0","0"
"1aa62ea2-cb83-4778-86f0-4bd96332842c","Acoustic sensor","0","0","0","0"
"f675b19a-4a67-41de-bd60-651bac2cfe17","Alloy Plate","0","0","0","0"
"e8c5c921-b116-45cd-b0de-7a37973d5158","Alloy Plate Triangle L","0","0","0","0"
"819dea06-da54-4236-a041-7346e3dad3d2","Alloy Plate Triangle R","0","0","0","0"
"e3dcb476-5dae-4d64-ad60-e25b69009ab8","Chain Large","0","0","0","0"
"306279e7-5dea-464c-9991-bb3faf7d6c99","Chain Small","0","0","0","0"
"a0a6c5da-d68a-48dd-864f-e7632f8f6fde","Crate","0","0","0","0"
"ce79f42d-107f-4483-91c4-f5520c1d79e6","Crystal growth farm","0","0","0","0"
"4270e6e1-4d30-416b-9ed3-5bc64d574148","Crystal growth tray","0","0","0","0"
"75ffb576-34c6-4dae-87a6-0f45d6482070","Deck Port","0","0","0","0"
"6c37df0b-7eaf-48d4-85d8-2453014d8edf","Display","0","0","0","0"
"6f2ebbbc-6f9c-499e-8850-7725712e4cf2","Door Bulkhead Alloy","0","0","0","0"
"9ea523b6-af69-4809-b5e4-88351099b2dc","Door Bulkhead Metal","0","0","0","0"
"83e3a5e9-cfb8-4a0c-9ced-6f53822cd2f1","Door Hatch Alloy","0","0","0","0"
"a8fcb3c2-49bb-4a0c-970e-2c200f9c6c0d","Door Hatch Metal","0","0","0","0"
"8d948200-242c-47c3-b46a-ecdf40f7b39b","Hologram Projector","0","0","0","0"
"6c2979f0-365a-4e9c-88ee-7b9d931409cb","Ladder","0","0","0","0"
"c0afc8a9-5c49-4f15-8834-6e39ff144da3","Light fitting","0","0","0","0"
"1ddd4971-348f-4e3b-bac7-23b3082792c4","Machinery","0","0","0","0"
"ae37018a-2b07-422c-b281-87f10fb95d3c","Metal Plate","0","0","0","0"
"ec96c0cd-ceb8-4d66-8002-c3914947ee9b","Metal Plate Triangle L","0","0","0","0"
"e1d0c17b-9877-47a2-b5aa-d88db60781ca","Metal Plate Triangle R","0","0","0","0"
"61c56906-c2ae-4953-8fef-2e18e5ff7a68","Mimic","0","0","0","0"
"f71f9cfc-a107-4404-bb2c-7dc30e10e8da","Neon Light","0","0","0","0"
"0fbfae3b-76ac-43f4-be8f-36739389dac7","Porthole Alloy","0","0","0","0"
"534b8fe0-1184-4191-a249-d78ba2df3332","Porthole Metal","0","0","0","0"
"9d43ff24-4165-4c48-bc5d-ccb89b0667bd","Poster holder","0","0","0","0"
"e3bffdbf-01eb-4309-bdb5-4358662eaac4","Sign Post","0","0","0","0"
"b06788d5-4715-4168-8f7d-d6380f73fe54","Smoke generator","0","0","0","0"
"6d58d927-2e19-491c-b2d5-451cc47bf4d8","Spot Light fitting","0","0","0","0"
"4dc97284-74c1-4d5c-9673-f3209da7e9f0","Stacked Stairs","0","0","0","0"
"9a0d25cc-f5c2-4780-b674-38fe17e73f8e","Stairs","0","0","0","0"
"ce77cd15-ad63-425f-ab0c-28b16584d5a1","Stairs","0","0","0","0"
"1576f21e-9ca2-4f29-8b14-53ce98205a5b","Standard door","0","0","0","0"
"8bd20877-417f-4094-ab24-1ebae4d73f85","Truss 1m","0","0","0","0"
"de17ff79-e670-4f08-ab59-df1ecac3905b","Truss 2m","0","0","0","0"
"ac24cd04-449e-47b9-bf8c-bf58d9997264","Truss 3m","0","0","0","0"
"1dd66387-6293-4fa0-a1da-6f0e4cb80dfa","Truss 4m","0","0","0","0"
"7d005e15-c63a-44f0-b12e-b8599a9f0424","Widget","0","0","0","0"
"78514976-87cf-4d89-85cd-9d0df590a317","Battery Charger","0","0","0","0"
"d7e6366f-3f5c-4dbc-a1fc-b63de74ed7eb","Engine","0","0","0","0"
"76dfe171-525a-48ea-8652-b7537aa06572","Front & Back Connector","0","0","0","0"
"edb1b2eb-dac7-4c4f-8967-35f61c75fd93","Fuel Processor","0","0","0","0"
"da80769e-0a55-4e05-bf58-1541842f4e82","Generator","0","0","0","0"
"79eaae57-56e1-4bb5-a573-bb9c829e8c8e","Nuclear Containment Corner","0","0","0","0"
"b7b36555-0ab1-4a64-ba01-3017e4809cf6","Nuclear Containment Platform","0","0","0","0"
"1980c435-9871-470c-973e-9253f8a3b122","Nuclear Containment Wall","0","0","0","0"
"e4dabc7e-9566-4e7d-8d28-cbec2f811798","Nuclear Containment Wall Corner","0","0","0","0"
"23696e3e-a6c7-4ac3-8ba8-884718dd688c","Nuclear Containment Wall Slope","0","0","0","0"
"9d5fa98d-ce5c-4e7a-8041-2fee8d28fe35","Nuclear Control Rod","0","0","0","0"
"078b7202-f156-4936-8ca3-860055a20f1c","Nuclear Engine Core","0","0","0","0"
"536fa669-d522-465a-a67a-589a07aa09ad","Nuclear Material","0","0","0","0"
"30e8ed70-1885-444a-9697-a89d5c524690","Nuclear Rod Controller","0","0","0","0"
"490e286d-0367-40f2-8ed6-60d70a60bdfd","Nuclear Water inlet and outlet","0","0","0","0"
"b9457302-db10-49ad-98e2-1c44cdca24b9","Railgun battery","0","0","0","0"
"637d3a6a-2f79-477a-b97f-34dca41b5714","Railing","0","0","0","0"
"ea3d81c0-c862-4e06-90aa-63f746e5ce6f","Supply Pump","0","0","0","0"
"552785c2-43cd-41e6-a13a-818388b93968","Up & Down Connector","0","0","0","0"
"fb1fb4c7-78e8-47e7-8ff1-34a4afcd10c7","Frequency Doubler","0","0","0","0"
"b6ac5f2e-907e-4926-88c0-355d30c6b7a5","Laser Cavity","0","0","0","0"
"8acc506a-41cf-4b62-ab1f-e6f523baf75b","Laser Colorer","0","0","0","0"
"7dc67bed-fd0f-4145-9525-5840bbcc4822","Laser Combiner","0","0","0","0"
"9c09eee2-e4bd-42ea-aaec-43a6d1451db3","Laser Connector","0","0","0","0"
"db2a5655-6b32-4877-8285-40c6ddc9ba3c","Laser Coupler","0","0","0","0"
"f2f1f8f5-92b5-4047-9ec7-de86d8608583","Laser Cutter","0","0","0","0"
"d73b886e-2498-4c17-9346-a85f77d4a454","Laser Destabiliser","0","0","0","0"
"9385face-922e-4158-9632-7ab9fcb00166","Laser Munition Defence","0","0","0","0"
"464187d2-ff5c-4d42-9937-0206cffbd883","Laser Optics","0","0","0","0"
"ef2e81c1-d06d-474f-b12c-14de1702db1b","Laser Pump","0","0","0","0"
"57c4c674-9c66-4ab7-9067-81477824785d","Laser Pump (3m)","0","0","0","0"
"31047680-b58e-407a-9f39-1b59fd656e13","Laser Q switch","0","0","0","0"
"8996b3c3-2569-473e-9d28-2b2cb17bc7a3","Laser Steering Optics","0","0","0","0"
"139d4b6a-2b6b-4bfa-8d00-1bc8e69923fd","Laser Transceiver","0","0","0","0"
"c0542188-97dc-4cd5-a275-ede25d9797ba","Laser Wavefront Adjuster","0","0","0","0"
"5031a9db-aa48-4903-9b16-75a54f5959ce","Multipurpose Laser","0","0","0","0"
"f1746662-adec-4054-98bd-94b553bc6c6d","Particle Accelerator Lens","0","0","0","0"
"3d82f1a3-ad2a-4e81-a4e3-cb88c968f6e9","Particle Cannon","0","0","0","0"
"3c3d8cda-b79d-47a5-9bc4-378daf3d4358","Particle Input Port","0","0","0","0"
"2099a233-181e-4f50-9a0e-78a547969a8e","Particle Melee Lens","0","0","0","0"
"48678652-cad7-40ae-918f-af432b37fdf9","Particle Tube","0","0","0","0"
"1ab5006c-9156-4605-a670-68e1c2eb2e9a","Particle Tube Corner","0","0","0","0"
"b799b159-3bab-45f8-92e4-3107bca46513","Particle Tube Terminator","0","0","0","0"
"e581b7dc-da92-421d-9262-a5781c287728","Plasma firingpiece","0","0","0","0"
"ad861a50-c881-4aa2-839b-d1248a810c77","Plasma heater","0","0","0","0"
"172c1b1f-9dc0-41c8-885c-aba814e4fe08","Plasma storage","0","0","0","0"
"c51bd0a9-99a7-463a-b20a-fe2e484ab26e","Plasma tranciever","0","0","0","0"
"d7e26b38-f5a3-4ae3-9486-66d63222b336","Single Input Laser Cavity","0","0","0","0"
"45ce64f5-86ca-425a-8074-7603cdfc1d4a","Storage Laser Cavity","0","0","0","0"
"b6904047-0232-442f-b444-d99a440edf2f","ERA Armour","1","1","1","0"
"10e8b2e3-2a00-46e8-94d5-44c0403df6bf","ERA Armour Slope 1m","1","1","1","0"
"3bff8428-7481-4847-b00e-f0e49233b86d","4 Way pipe","0","0","0","0"
"819ef76e-1023-4f06-bfb1-96cd3e58ba88","5 Way Pipe","0","0","0","0"
"94c39cef-53e1-41b2-bbc6-94a869d79c64","6 Way Pipe","0","0","0","0"
"267248a3-baaa-4653-83b3-ce478d600b17","Adapter","0","0","0","0"
"043e9b00-4a2f-41b8-bf2f-4aaa4442f138","Carburettor","0","0","0","0"
"d5016f16-6431-4e8f-b0cc-5f0f400b151a","Corner Pipe","0","0","0","0"
"01a87958-93cf-4efa-857f-10913b0573d9","Crank Shaft","0","0","0","0"
"515ee20d-20d8-4195-bea5-213e6f1fd929","Cylinder","0","0","0","0"
"ac5dda48-2bbf-453b-a4d5-517ae78499a1","Exhaust","0","0","0","0"
"4c24445d-a29b-446e-b03f-29e570e9d47d","Fuel Engine Generator","0","0","0","0"
"91d167b1-652f-4ac8-adc4-973b548ccd5d","Hull Pipe","0","0","0","0"
"f94702c9-cb55-49e3-8cc4-138288fa1f13","Injector","0","0","0","0"
"4b2109f7-abfc-46b7-b752-f9423b6f2e35","Inline turbocharger (left)","0","0","0","0"
"6ebe5e2b-ef9a-4849-b234-131b25579adf","Inline turbocharger (right)","0","0","0","0"
"33b65ccc-58a0-487d-8b68-a997a71b0bfe","Junction Pipe","0","0","0","0"
"25575b2b-223c-48f3-ab6f-7133d26e86e8","Large Radiator","0","0","0","0"
"99a71734-3128-4535-bb9c-f69de5277f49","L-Junction Pipe (left)","0","0","0","0"
"2d546425-921e-4900-b249-fa5a1c7d5513","L-Junction Pipe (right)","0","0","0","0"
"da59d582-9254-4091-988e-b670dcabe84a","Radiator","0","0","0","0"
"a160804b-15cc-46e2-8ffb-401c2aa01de6","Straight Pipe","0","0","0","0"
"c27e460b-f3c3-4716-b20a-69f766d27f34","Straight Pipe (2m)","0","0","0","0"
"6d0d9986-5871-4e5c-a415-6457552595eb","Straight Pipe (3m)","0","0","0","0"
"663d3348-9700-487e-a30e-f472d933e859","Straight Pipe (4m)","0","0","0","0"
"47da23fc-17bb-4a66-9c6d-fb66fddb3be6","Supercharger","0","0","0","0"
"e0f9e669-4748-4cde-be95-58e47e094253","Throughput Pipe","0","0","0","0"
"6209370e-abeb-4ec1-b523-dc21ea33fe0c","Turbocharger (left)","0","0","0","0"
"91cca4a9-a40f-43eb-9ba5-34c738b03d1f","Turbocharger (right)","0","0","0","0"
"542cacd4-c366-4a76-8d01-4ace6c5ce619","X-Junction Pipe","0","0","0","0"
"aa355fd9-295c-43f3-9f11-7a781a9808b0","Glass beam (2m)","1","1","2","0"
"049b9d0c-1cb3-4511-be7f-9fad6e0a607e","Glass beam (3m)","1","1","3","0"
"395179c1-37a0-4250-851b-5bc19fd601b6","Glass beam (4m)","1","1","4","0"
"35abb89b-33b8-4cb4-b3d0-ee132247de8d","Glass beam slope diagonal cut (4m)","1","1","4","0"
"0c64d302-c6df-42eb-a0ff-7c90f867ba4b","Glass beam slope diagonal cut (4m) mirrored","1","1","4","0"
"2d519ca8-1f12-4a8e-9340-aa6648b5e799","Glass block","1","1","1","0"
"174b5b41-b70e-485d-b00a-a61cc9826b2c","Glass down slope (1m)","1","1","1","0"
"69feebc3-e241-4dff-a000-736def80c851","Glass down slope (2m)","1","1","2","0"
"b148f5b4-e237-41a0-a1a3-30c455321149","Glass down slope (3m)","1","1","3","0"
"c4ef6072-822a-4fa5-b618-e7fc0508c499","Glass down slope (4m)","1","1","4","0"
"e42929f1-ccd0-4fff-8413-6cb94cf08405","Glass inverted triangle corner (left) (1m)","1","1","1","0"
"bb0337d9-69f7-48f1-9c12-2de83ceff42d","Glass inverted triangle corner (left) (2m)","1","1","2","0"
"c34145c5-bc8c-48c3-bafb-ebda44f1e300","Glass inverted triangle corner (left) (3m)","1","1","3","0"
"04993e98-6b77-46d3-ad80-5278550e9b65","Glass inverted triangle corner (left) (4m)","1","1","4","0"
"729b7ea3-59d5-4182-9177-684da6fbe0a9","Glass inverted triangle corner (right) (1m)","1","1","1","0"
"5e73653e-519c-4f13-9f69-1d80c19151d8","Glass inverted triangle corner (right) (2m)","1","1","2","0"
"217d4bdc-4b0d-4986-be2c-de98efd00f62","Glass inverted triangle corner (right) (3m)","1","1","3","0"
"7434948c-1b56-4dd0-bb0c-a3d291653f09","Glass inverted triangle corner (right) (4m) mirrored","1","1","4","0"
"d3a729d9-c25f-419c-ba7e-63cd2cac1a4d","Glass square corner (left) (1m)","1","1","1","0"
"09957acb-9916-41ea-8799-66b0359ccb31","Glass square corner (left) (2m)","1","1","2","0"
"84cf449c-e1ae-49a4-a170-c63464106cfe","Glass square corner (left) (3m)","1","1","3","0"
"13d4b7b9-897b-4c71-be66-13aba3c3310b","Glass square corner (left) (4m)","1","1","4","0"
"87103032-b0e5-47c4-a632-ba33da2cbe1b","Glass square corner (right) (1m)","1","1","1","0"
"585d7b93-955d-4099-b9f5-2ea41797f419","Glass square corner (right) (2m)","1","1","2","0"
"699ccf4d-45a4-4635-ba4d-850a40ba6e0a","Glass square corner (right) (3m)","1","1","3","0"
"0bc8fd97-b7ae-4a59-98b8-2f60fe4cf874","Glass square corner (right) (4m)","1","1","4","0"
"0375d846-a203-4813-a330-0d8fd1e6586e","Glass triangle corner (left) (1m)","1","1","1","0"
"3f349a8a-e5a1-4f43-9cc4-cea2f0f5b623","Glass triangle corner (left) (2m)","1","1","2","0"
"ea84e01f-5fac-4269-9754-c2c934e4b7d6","Glass triangle corner (left) (3m)","1","1","3","0"
"48360916-a894-4bd8-b8b5-4595bb7ccf2e","Glass triangle corner (left) (4m)","1","1","4","0"
"787524d3-1b60-44d8-bef2-d42156c55446","Glass triangle corner (right) (1m)","1","1","1","0"
"d9952f54-1e40-4e5e-87af-b1011ca18b83","Glass triangle corner (right) (2m)","1","1","2","0"
"2e691f79-065c-42bb-879a-a91a3cda67e9","Glass triangle corner (right) (3m)","1","1","3","0"
"37999ce4-4189-4d46-bd77-4b7b5ec4be62","Glass triangle corner (right) (4m) mirrored","1","1","4","0"
"573f6de1-1379-49f8-8342-588bd81a50b7","Glass wedge (1m)","1","1","1","0"
"a2922c8c-4da3-433a-a6b9-85ee0620d876","Glass wedge (2m)","1","1","2","0"
"f163ed91-e4c2-40f0-bb83-0540f4dc9706","Glass wedge (3m)","1","1","3","0"
"6bc790f3-c15a-4aa4-adb1-a1f9c8265b4b","Glass wedge (4m)","1","1","4","0"
"d51549fd-2e38-4271-b85a-afded45400df","Window Block","1","1","1","0"
"f8cd4d8b-c7ef-434e-a404-04423fb5fcae","Glass pole (1m)","0","0","0","0"
"24eaca7e-8d1b-472c-91fa-26201a33874c","Glass pole (2m)","0","0","0","0"
"bbe54c3a-4d87-4ec5-8d76-055424cd24a6","Glass pole (3m)","0","0","0","0"
"f907ba76-8bc4-48c0-a246-5999941f0e64","Glass pole (4m)","0","0","0","0"
"97e8a443-a784-4ca7-a47a-b13fdcebbb99","Glass wedge back (1m)","0","0","0","0"
"5e855bfd-c341-4775-b141-d1759f94efaf","Glass wedge back (2m)","0","0","0","0"
"7ee91ac9-0498-468a-aa0e-163c404c8e07","Glass wedge back (3m)","0","0","0","0"
"6c33beca-d1e6-40a7-993a-89b40e0ac131","Glass wedge back (4m)","0","0","0","0"
"df5b0e98-14a7-4f72-9036-3036486c4f60","Glass wedge front (1m)","0","0","0","0"
"62568fd8-bb60-4e86-8ad7-3bd91d8dde58","Glass wedge front (2m)","0","0","0","0"
"ca233dee-e353-4a20-b27f-afbcb11be877","Glass wedge front (3m)","0","0","0","0"
"c0be616d-9f71-48e3-bcc7-357b07f6d0b4","Glass wedge front (4m)","0","0","0","0"
"242e07fa-399f-4caa-bfc2-1b77bd2bd538","Heavy armour beam (2m)","1","1","2","0"
"49714981-369a-4158-aff6-e562ee5f98d5","Heavy armour beam (3m)","1","1","3","0"
"867cea4e-6ea4-4fe2-a4a1-b6230308f8f1","Heavy armour beam (4m)","1","1","4","0"
"6e5c9f1d-160b-49b1-9b74-606d2f695c7e","Heavy armour beam slope diagonal cut (4m)","1","1","4","0"
"c61c1c19-cc53-49a2-b207-9de6b9ce328a","Heavy armour beam slope diagonal cut (4m) mirrored","1","1","4","0"
"0c03433e-8947-4e7d-9dec-793526fe06d1","Heavy Armour Block","1","1","1","0"
"78b81c0a-44df-4c24-b2a5-5d273737da60","Heavy armour down slope (1m)","1","1","1","0"
"525d85fc-f4d4-49ea-bebd-dc51bc562adf","Heavy armour down slope (2m)","1","1","2","0"
"98467918-ec0c-47e1-8ce6-55949326eb4f","Heavy armour down slope (3m)","1","1","3","0"
"983ebe9d-535e-4bdb-a37f-6b681a96f5a3","Heavy armour down slope (4m)","1","1","4","0"
"1a48f832-e111-430b-9639-38bb63ec749e","Heavy armour inverted triangle corner (left) (1m)","1","1","1","0"
"5f579567-d069-4a88-b866-d9ef5d85c8c5","Heavy armour inverted triangle corner (left) (2m)","1","1","2","0"
"1fcaab1e-18b8-4eb0-a36b-0451b58cf403","Heavy armour inverted triangle corner (left) (3m)","1","1","3","0"
"882c8ced-9183-4fa2-9661-2b150e3bf769","Heavy armour inverted triangle corner (left) (4m)","1","1","4","0"
"29506948-3688-4a66-999b-05b8aca583f3","Heavy armour inverted triangle corner (right) (1m)","1","1","1","0"
"4de90e1c-b6e4-48e6-8304-f624123ea33b","Heavy armour inverted triangle corner (right) (2m)","1","1","2","0"
"75941ed5-78d5-41e9-8dca-e3fd9a5ce9ab","Heavy armour inverted triangle corner (right) (3m)","1","1","3","0"
"6de2590c-63bc-4f65-bc4d-edaa7b79a342","Heavy armour inverted triangle corner (right) (4m) mirrored","1","1","4","0"
"e5e9f07e-d956-495c-bd47-8749b51916ac","Heavy armour square corner (left) (1m)","1","1","1","0"
"c9ec7ef3-0fe9-4e52-8e92-d6259775b38e","Heavy armour square corner (left) (2m)","1","1","2","0"
"ecfa83b1-fe79-414d-a529-cb72c18e1806","Heavy armour square corner (left) (3m)","1","1","3","0"
"3f6eb436-9c32-4e9a-8dc2-cef5acc17478","Heavy armour square corner (left) (4m)","1","1","4","0"
"a2b2dfdc-d014-466b-8d45-9432c9866f6a","Heavy armour square corner (right) (1m)","1","1","1","0"
"21de9d6e-f13f-4c1d-862e-17a1428a0c50","Heavy armour square corner (right) (2m)","1","1","3","0"
"73141f86-d17d-4362-91a5-a885fbb815d7","Heavy armour square corner (right) (3m)","1","1","3","0"
"d3e683bf-14e4-482c-90da-d2220018517e","Heavy armour square corner (right) (4m)","1","1","4","0"
"b9948d0c-d9da-4c22-adb3-ed3fd8509806","Heavy armour triangle corner (left) (1m)","1","1","1","0"
"e1bb3954-5a2f-4039-bb6c-3b6489cc007c","Heavy armour triangle corner (left) (2m)","1","1","2","0"
"49be6be8-e17b-4bc6-b206-3aece5fb3708","Heavy armour triangle corner (left) (3m)","1","1","3","0"
"503161e4-286e-48d3-bcab-61b8769c806e","Heavy armour triangle corner (left) (4m)","1","1","4","0"
"bb9ea0e4-c446-49bc-b4f1-3d2daec6c9f0","Heavy armour triangle corner (right) (1m)","1","1","1","0"
"d557b2d6-4e84-49fc-ba75-35f6c87036c2","Heavy armour triangle corner (right) (2m)","1","1","2","0"
"ca49a92a-1ae1-45c6-9b8f-aad28d9859c1","Heavy armour triangle corner (right) (3m)","1","1","3","0"
"a8aebdd1-1479-4b00-8415-8f6da2018dc6","Heavy armour triangle corner (right) (4m) mirrored","1","1","4","0"
"a0945b5c-2f1e-45ce-95fb-721e5657afa7","Heavy armour wedge (1m)","1","1","1","0"
"ec907a52-f1aa-40df-8d63-cf1911a42abc","Heavy armour wedge (2m)","1","1","2","0"
"4fa0ea70-46da-4fed-bde1-01dea3f3056b","Heavy armour wedge (3m)","1","1","3","0"
"9435a1c1-00a3-4a9c-9aa5-05713a221bc5","Heavy armour wedge (4m)","1","1","4","0"
"60b279e2-9c1e-409f-8248-568039537baa","Heavy armour pole (1m)","0","0","0","0"
"995a9f59-5845-421b-9ac0-f8202922e0d4","Heavy armour pole (2m)","0","0","0","0"
"9341f524-dc7b-46f9-ab72-7ea821a8cdad","Heavy armour pole (3m)","0","0","0","0"
"843d4115-d016-40ea-baf9-e71a559d85bc","Heavy armour pole (4m)","0","0","0","0"
"12a456b9-7f30-4d26-94b5-2ecd537bd6dc","Heavy armour wedge back (1m)","0","0","0","0"
"a243f091-0a79-452e-a34e-1d3c26b8d45d","Heavy armour wedge back (2m)","0","0","0","0"
"0f2f0226-6602-4e62-970f-8ad866f12a58","Heavy armour wedge back (3m)","0","0","0","0"
"4dd3f70a-e106-4049-b498-bd2b01c4eb2c","Heavy armour wedge back (4m)","0","0","0","0"
"924ebc61-bf03-4fd9-9c24-ffedd23592cd","Heavy armour wedge front (1m)","0","0","0","0"
"4bec3c1c-f47c-4dd6-b8c4-6255f11b0127","Heavy armour wedge front (2m)","0","0","0","0"
"30a8fc02-0133-4dbe-9a6f-1e4df68ac635","Heavy armour wedge front (3m)","0","0","0","0"
"ef642411-03bb-4c82-9bd4-5ae525e50023","Heavy armour wedge front (4m)","0","0","0","0"
"f5d2db25-114e-473a-8313-96831ccd011e","Lead beam (4m)","1","1","4","0"
"e71e6f97-fbe8-4bf5-9645-d15179ba0c17","Lead Block","1","1","1","0"
"995d25a2-7237-4cd2-b763-7eb3b3f7e1e7","Lead pole (1m)","0","0","0","0"
"0431b5df-6741-4cc5-8171-4c15327bcd76","Lead pole (2m)","0","0","0","0"
"4269a390-59e9-4438-a171-f2a9c181767b","Lead pole (3m)","0","0","0","0"
"72e5674d-8056-4321-bad5-287c81d5d880","Lead pole (4m)","0","0","0","0"
"a1b6a2c6-4bf4-4c18-838e-5564ea0f951d","Lead wedge back (1m)","0","0","0","0"
"b0df4001-cae1-49da-b20a-3ec94b8082e1","Lead wedge back (2m)","0","0","0","0"
"71a34383-0592-424e-bce2-a017a9b0d32b","Lead wedge back (3m)","0","0","0","0"
"5046037e-5c28-4a60-a29f-bc171b3ad1f1","Lead wedge back (4m)","0","0","0","0"
"1abc7373-c658-47aa-91ce-ce3242dbf329","Lead wedge front (1m)","0","0","0","0"
"54916861-4b52-4fa0-a42c-b08736b7b930","Lead wedge front (2m)","0","0","0","0"
"79d73a29-95de-4918-a69f-207149aab6a3","Lead wedge front (3m)","0","0","0","0"
"def39d03-c87b-4794-a306-9dc741ff990e","Lead wedge front (4m)","0","0","0","0"
"d5e50322-fbc0-4e09-bfab-050f431146a9","Lead beam (2m)","0","0","0","0"
"19ee2ba3-9443-4a44-97fd-bad9b1443895","Lead beam (3m)","0","0","0","0"
"ea1c1e77-149d-406c-8b81-1a45537ab1bf","Lead beam slope diagonal cut (4m)","0","0","0","0"
"9ee81122-d411-48a8-adee-73f0a2241176","Lead beam slope diagonal cut (4m) mirrored","0","0","0","0"
"df61d4c4-a514-4f23-baab-4da8fce066a3","Lead down slope (1m)","0","0","0","0"
"354bc2b0-de06-4948-ad1e-2fbcef516cb7","Lead down slope (2m)","0","0","0","0"
"7579ca39-af82-4a2c-83f6-a2090ae50d6b","Lead down slope (3m)","0","0","0","0"
"97ea8dab-dc9b-4056-9532-78533e3b82bf","Lead down slope (4m)","0","0","0","0"
"6d965de2-535a-4574-bf5b-b52c40dcc0d0","Lead inverted corner (right) (1m)","0","0","0","0"
"2a188034-0d97-4592-9a07-caa8b86b8a13","Lead inverted triangle corner (left) (1m)","0","0","0","0"
"267c3871-b012-4856-b640-00bdb3cfe287","Lead inverted triangle corner (left) (2m)","0","0","0","0"
"4581670a-fab6-40f8-aced-998dea107b68","Lead inverted triangle corner (left) (3m)","0","0","0","0"
"67ac785e-154d-4326-9df4-559b122d0aaa","Lead inverted triangle corner (left) (4m)","0","0","0","0"
"7667a2ad-20b5-434a-9ec3-37acb16027dd","Lead inverted triangle corner (right) (2m)","0","0","0","0"
"4aa571ec-2dc8-4cd3-b0a8-e5f97a9d2935","Lead inverted triangle corner (right) (3m)","0","0","0","0"
"c507ebe0-42ce-42f5-9b22-93c37beb6db8","Lead inverted triangle corner (right) (4m) mirrored","0","0","0","0"
"33040759-1059-4ef5-9ebc-dcf9a90bbd6d","Lead square corner (left) (1m)","0","0","0","0"
"fce44a0b-df1b-45f2-bfa8-159bfc00d192","Lead square corner (left) (2m)","0","0","0","0"
"5d9365d3-0598-44c4-b6e2-0dd8c4fd5101","Lead square corner (left) (3m)","0","0","0","0"
"9c7311fb-fbf7-4bb1-a953-7823e38c733c","Lead square corner (left) (4m)","0","0","0","0"
"571c4683-f2d6-4a9e-9e64-b2853a6ad51e","Lead square corner (right) (1m)","0","0","0","0"
"920ca276-3c8c-4558-b9c4-b5d216c15a6a","Lead square corner (right) (2m)","0","0","0","0"
"845a8639-bf04-4550-9524-9dbcaf55a163","Lead square corner (right) (3m)","0","0","0","0"
"b39d779b-02a4-4c66-b6a0-2b712ed5e5ab","Lead square corner (right) (4m)","0","0","0","0"
"9b28100a-6d85-4680-b3f1-e3f068298cd9","Lead triangle corner (left) (1m)","0","0","0","0"
"ab2d7e9b-c4ee-41d1-84aa-998895dfc28b","Lead triangle corner (left) (2m)","0","0","0","0"
"2ffb6856-1994-422a-b303-bcd9c3d17c07","Lead triangle corner (left) (3m)","0","0","0","0"
"57dac102-64bb-45fc-9f62-4322315fc29e","Lead triangle corner (left) (4m)","0","0","0","0"
"a38cee19-5de4-4a83-ad48-54257af58a4e","Lead triangle corner (right) (1m)","0","0","0","0"
"0bd61bef-d0d3-459e-a1d1-4c899523d45f","Lead triangle corner (right) (2m)","0","0","0","0"
"24677e74-5178-4fca-bf14-9fb0181014f5","Lead triangle corner (right) (3m)","0","0","0","0"
"e90a832b-32d6-4695-98a3-70793885d616","Lead triangle corner (right) (4m) mirrored","0","0","0","0"
"6a20f299-6c3e-4406-a859-157075aab08d","Lead wedge (1m)","0","0","0","0"
"b0bb3f96-4f2a-4e9f-8372-a800dc9a10d5","Lead wedge (2m)","0","0","0","0"
"3123cb13-73e9-4d32-89dd-5ce567ee1597","Lead wedge (3m)","0","0","0","0"
"4984255b-5dcf-4bb8-9ea2-917eac36b06d","Lead wedge (4m)","0","0","0","0"
"	ab2d7e9b-c4ee-41d1-84aa-998895dfc28b	Lead triangle corner (left) (2m)	0	0	0	Named		NotGrouped	False","Lead triangle corner (left) (1m)","0","0","0","0"
"8f9dbf41-6c2d-4e7b-855d-b2432c6942a2","Alloy beam (2m)","1","1","2","0"
"649f2aec-6f59-4157-ac01-0122ce2e6dad","Alloy beam (3m)","1","1","3","0"
"9411e401-27da-4546-b805-3334f200f055","Alloy beam (4m)","1","1","4","0"
"9af822b3-80d9-46bd-9ce0-e6e5c2e61da4","Alloy beam slope diagonal cut (4m)","1","1","4","0"
"b5d46bb7-d49e-42f6-817b-323fbf6d62b0","Alloy beam slope diagonal cut (4m) mirrored","1","1","4","0"
"3cc75979-18ac-46c4-9a5b-25b327d99410","Alloy Block","1","1","1","0"
"911fe222-f9b2-4892-9cd6-8b154d55b2aa","Alloy down slope (1m)","1","1","1","0"
"c6176cb5-0a32-4d68-a749-8ee33b2230c1","Alloy down slope (2m)","1","1","2","0"
"a3ea61a8-018c-4277-afd9-ac0a34faa759","Alloy down slope (3m)","1","1","3","0"
"2a3905ff-2030-421d-a2bf-90fba71c1c5e","Alloy down slope (4m)","1","1","4","0"
"95a626e6-f1b8-491a-aa31-8de5a2beb513","Alloy inverted triangle corner (left) (1m)","1","1","1","0"
"51b37dbf-2beb-425b-a817-89434838c857","Alloy inverted triangle corner (left) (2m)","1","1","2","0"
"8c2aaf82-442e-46a7-9ea5-1b7862cacb87","Alloy inverted triangle corner (left) (3m)","1","1","3","0"
"ba5c8d03-9093-47a9-a8cd-b721ceeee1dd","Alloy inverted triangle corner (left) (4m)","1","1","4","0"
"62f61c31-a453-44ce-87a2-b5ce142fb052","Alloy inverted triangle corner (right) (1m)","1","1","1","0"
"967f98c3-d708-4602-9c71-0f34562cdfca","Alloy inverted triangle corner (right) (2m)","1","1","2","0"
"2cdbdb66-132e-4202-90c6-e0a2d8022cc6","Alloy inverted triangle corner (right) (3m)","1","1","3","0"
"afb33fc2-3071-408a-b312-da22478c0a14","Alloy inverted triangle corner (right) (4m) mirrored","1","1","4","0"
"f2df1943-1ebf-47c6-9b81-ad613b7c5d5b","Alloy square corner (left) (1m)","1","1","1","0"
"272f0dea-8aac-4ca9-98e6-79897e7df0f9","Alloy square corner (left) (2m)","1","1","2","0"
"7dd4933f-8a0d-478e-b0a2-1e2c2f1c6957","Alloy square corner (left) (3m)","1","1","3","0"
"1e5247be-25c1-45bc-92a6-e2ab1bfaaa8c","Alloy square corner (left) (4m)","1","1","4","0"
"902446c4-ff32-4118-83ac-1f4bf89c56d1","Alloy square corner (right) (1m)","1","1","1","0"
"29c40e04-59fb-45dc-a80b-31ee1c4f82ac","Alloy square corner (right) (2m)","1","1","2","0"
"d7b990f8-86fc-476c-bc8d-44ba9ecd1c05","Alloy square corner (right) (3m)","1","1","3","0"
"7530d72e-1b5b-408c-9abc-59957a90970f","Alloy square corner (right) (4m)","1","1","4","0"
"a4b0d100-c480-4697-b606-489d80a6d376","Alloy triangle corner (left) (1m)","1","1","1","0"
"90c9965a-1dcc-4786-a2d2-6299fed7260f","Alloy triangle corner (left) (2m)","1","1","2","0"
"b2ca635d-350c-4977-b8d4-2b2dd28cd2d7","Alloy triangle corner (left) (3m)","1","1","3","0"
"a6cfd078-bc39-4ad8-a47f-49097913a27b","Alloy triangle corner (left) (4m)","1","1","4","0"
"ad3e7665-cf63-4135-835f-2f743c69bb36","Alloy triangle corner (right) (1m)","1","1","1","0"
"27692d7a-c05f-4ac4-ac98-f25e359faebc","Alloy triangle corner (right) (2m)","1","1","2","0"
"8aceae65-2dce-44b7-94b1-b4bd34d287a5","Alloy triangle corner (right) (3m)","1","1","3","0"
"2b1b3011-0b81-472e-aa42-26383f453268","Alloy triangle corner (right) (4m) mirrored","1","1","4","0"
"f1a3f1bd-b5f7-43bf-9b72-c7a060c24f73","Alloy wedge (1m)","1","1","1","0"
"efb3284f-bedc-453f-9519-043f77f2e85d","Alloy wedge (2m)","1","1","2","0"
"0d915e65-114c-4945-9585-ac58ad90223f","Alloy wedge (3m)","1","1","3","0"
"791dfc7d-24d9-4e87-b639-d19561b6cb26","Alloy wedge (4m)","1","1","4","0"
"a6ad7eaa-e826-42d5-b4f5-7358a842623f","Wedge Alloy Back 1m","0","0","0","0"
"f5e7ac10-3c0c-4999-8287-07245ee81062","Wedge Alloy Back 2m","0","0","0","0"
"c855c2f8-716b-44ba-901f-2dbfb4bf1612","Wedge Alloy Back 3m","0","0","0","0"
"bdf96eb8-6d43-4b2e-8610-68952484ca04","Wedge Alloy Back 4m","0","0","0","0"
"020fae5d-c759-4456-87e6-7e423752a427","Wedge Alloy Front 1m","0","0","0","0"
"80a0edf3-97c0-4bf6-bfc3-80dc68525080","Wedge Alloy Front 2m","0","0","0","0"
"47f51fca-7668-45b9-8201-51541110833e","Wedge Alloy Front 3m","0","0","0","0"
"91f61454-6e53-4df0-9ced-e4d86a98ab88","Wedge Alloy Front 4m","0","0","0","0"
"04019f87-c371-4574-acfe-b7086557eaba","Alloy pole (1m)","0","0","0","0"
"11f3d43b-8065-472f-a86e-e66eda2e5e88","Alloy pole (2m)","0","0","0","0"
"657967ac-3647-42ac-8572-be20b02b6398","Alloy pole (3m)","0","0","0","0"
"a84e8d23-c425-4d21-8bdb-2fa5da87b110","Alloy pole (4m)","0","0","0","0"
"2a22f176-01c2-42f2-a7d2-2c7054504aa9","Metal beam (2m)","1","1","2","0"
"46f54639-5f91-4731-93eb-e5c0a7460538","Metal beam (3m)","1","1","3","0"
"a7f5d8de-4882-4111-9d01-436493e5b2d8","Metal beam (4m)","1","1","4","0"
"0d554a9d-7d06-48b3-8aea-ffaeaa30380a","Metal beam slope diagonal cut (4m)","1","1","4","0"
"e5d065f6-907b-450d-b998-213cdc54eec1","Metal beam slope diagonal cut (4m) mirrored","1","1","4","0"
"ab699540-efc8-4592-bc97-204f6a874b3a","Metal Block","1","1","1","0"
"5548037e-8428-43f8-bcb6-d730dbcd0a79","Metal down slope (1m)","1","1","1","0"
"8477bbec-974c-45bf-a1ce-49a48d5b5307","Metal down slope (2m)","1","1","2","0"
"a09be1c6-93fd-4b54-b9ca-62e60efbc818","Metal down slope (3m)","1","1","3","0"
"db9ed060-d556-435b-945c-19c923e233d3","Metal down slope (4m)","1","1","4","0"
"442f3ea3-c7cd-4759-84ee-a0d2fac5a711","Metal inverted triangle corner (left) (1m)","1","1","1","0"
"b9d21957-633f-4926-9562-4cfab38badee","Metal inverted triangle corner (left) (2m)","1","1","2","0"
"91183077-8eac-4e29-a197-9190429ef0ba","Metal inverted triangle corner (left) (3m)","1","1","3","0"
"ac09f902-8921-4a58-aad5-c679706697f6","Metal inverted triangle corner (left) (4m)","1","1","4","0"
"de50f4f6-3d7e-4d6b-ae34-e6a34b24b104","Metal inverted triangle corner (right) (1m)","1","1","1","0"
"2ddec223-13c2-4bf9-ba05-66338c51bd45","Metal inverted triangle corner (right) (2m)","1","1","2","0"
"098917ec-d86a-4cee-9c65-7997295bc248","Metal inverted triangle corner (right) (3m)","1","1","3","0"
"5f07c608-acf2-4cc5-97d0-1a0a96acb9e3","Metal inverted triangle corner (right) (4m) mirrored","1","1","4","0"
"2f5f91c0-bebf-4de2-bf70-8d9bc1816997","Metal square corner (left) (1m)","1","1","1","0"
"f6f120ee-fbc3-49f8-a2a3-a49e8674b8c8","Metal square corner (left) (2m)","1","1","2","0"
"d09c2121-c7e4-4d99-9556-02b92d17a652","Metal square corner (left) (3m)","1","1","3","0"
"ca924c87-8012-448a-a6c7-a7ff91b0e801","Metal square corner (left) (4m)","1","1","4","0"
"6f820954-63e4-4bc9-a299-8266e712d838","Metal square corner (right) (1m)","1","1","1","0"
"686e9438-d86e-4504-b9f6-7029b264924e","Metal square corner (right) (2m)","1","1","2","0"
"225daaae-6f35-4489-aeb5-73e66e0664a4","Metal square corner (right) (3m)","1","1","3","0"
"b183f553-ce82-47c5-a4ed-6470b83b0d45","Metal square corner (right) (4m)","1","1","4","0"
"bcaf33a4-98c3-41d7-b416-438670e97d53","Metal triangle corner (left) (1m)","1","1","1","0"
"40659614-1b34-497a-b745-78497e4b2025","Metal triangle corner (left) (2m)","1","1","2","0"
"6641c0af-44e6-4f6c-8558-f5cdf3c3feee","Metal triangle corner (left) (3m)","1","1","3","0"
"52a61c5e-07be-4bb9-9649-d3375c66e97e","Metal triangle corner (left) (4m)","1","1","4","0"
"ee18a848-1319-4ff9-b5e5-3f3710635dbf","Metal triangle corner (right) (1m)","1","1","1","0"
"369eefd9-0c39-412e-a294-d0bb2251c509","Metal triangle corner (right) (2m)","1","1","2","0"
"a30c0bb3-3f38-46da-8cd3-a813aabaccc9","Metal triangle corner (right) (3m)","1","1","3","0"
"d48733e2-f003-4643-86a2-cb350fd0dc04","Metal triangle corner (right) (4m) mirrored","1","1","4","0"
"ea2f8200-a920-40fc-9715-d0f66ae5f492","Metal wedge (1m)","1","1","1","0"
"f07f759c-41d1-4095-8054-dc471687884b","Metal wedge (2m)","1","1","2","0"
"5c51a13b-a083-43dd-80ea-f340e6ef88f8","Metal wedge (3m)","1","1","3","0"
"1278df17-e3e8-4d29-aa8d-0f779cb60b1d","Metal wedge (4m)","1","1","4","0"
"58a13b46-73a4-45f8-8bc0-0cc250ffd813","Wedge Metal Back 1m","0","0","0","0"
"1b599425-cbc5-4313-8b1a-9485e01fb4c8","Wedge Metal Back 2m","0","0","0","0"
"9e02bc1c-fddd-47b8-9cd8-3b6dc335e409","Wedge Metal Back 3m","0","0","0","0"
"55a250be-b928-46cf-8349-5d60a42eb721","Wedge Metal Back 4m","0","0","0","0"
"1515cb7e-56cf-4802-a33e-7c984d6cd93c","Wedge Metal Front 1m","0","0","0","0"
"61c573f4-b67e-4159-9aec-22bddf355770","Wedge Metal Front 2m","0","0","0","0"
"713802e0-da59-4df3-97ce-ae733a1156da","Wedge Metal Front 3m","0","0","0","0"
"26bfbbd1-4c8d-4b46-9732-ebd05eea321b","Wedge Metal Front 4m","0","0","0","0"
"ad00935b-e95c-4345-8ea7-646846bc16db","Metal pole (1m)","0","0","0","0"
"f4ec0bf4-1037-4b56-b1d1-c48f528f1767","Metal pole (2m)","0","0","0","0"
"fa519e04-e82f-47db-91b8-f78ba4a5ba35","Metal pole (3m)","0","0","0","0"
"ecf87366-edbe-4133-bf8b-d681a67fec92","Metal pole (4m)","0","0","0","0"
"d4806e59-5ebe-40b1-b223-c8232691396d","BoomBlock","0","0","0","0"
"f4138d11-e258-4925-9a8e-1b0054e4b82b","Chaff Emitter","0","0","0","0"
"46fc87ec-0f7f-4c55-a5d3-721365c5f364","Compact Repair Tentacle","0","0","0","0"
"e961fe5b-cce0-4a1e-8742-936ab8088636","Dish piece","0","0","0","0"
"7e9abf0f-84a7-44e6-b4c3-e3da6f942072","Docking station","0","0","0","0"
"6a7c1ad1-21e5-4b2e-bf04-cc08d639313c","Heart Stone","0","0","0","0"
"7cd6a310-cf17-4f6d-a818-8f29d029778f","Heart Stone Extension","0","0","0","0"
"4576e3fe-8eda-4e24-9823-eb68e4a9c953","Heat Decoy","0","0","0","0"
"f817665f-e59a-43a0-9c86-0d39f64b594a","Origin block","0","0","0","0"
"8dd0863a-d0c7-4cc9-b583-d7482d0459a2","Radar Decoy","0","0","0","0"
"bf0db0d2-8582-41d2-bcfe-5299bec3d06b","Repair Bot","0","0","0","0"
"0b59767f-dcf2-43f3-895b-d876afed0063","Repair Tentacle","0","0","0","0"
"3af29052-8fa5-4998-a0e0-b3ea188d8860","Respawning beacon","0","0","0","0"
"f7042d78-d7ae-4a0b-b273-197813c61648","Shield Projector","0","0","0","0"
"2133d1cd-0307-44e8-b156-5aecf3625230","Sonar Decoy","0","0","0","0"
"5ea1b039-9f46-45ac-b8d3-ba837f10f069","Strategic Antenna","0","0","0","0"
"58e7abb1-de9f-47f9-864b-d5c8218f1769","Subvehicle Spawner","0","0","0","0"
"06484d1a-d956-49a4-b9de-e779696d001c","Tactical Nuke","0","0","0","0"
"4c352619-ef4f-4919-b64c-ef11d4435754","Teleport pad","0","0","0","0"
"d43b5a55-9e60-48f9-9e77-ac1cfa97dafa","Vehicle Blueprint Spawner","0","0","0","0"
"24f6df16-98dc-4176-93cf-456a5e4d7ab8","Warp Charger (2m)","0","0","0","0"
"0a8d8d02-5d03-4488-8431-e75602fea1e4","Warp Controller","0","0","0","0"
"c6497cec-51b5-4d94-940e-107990a25afd","Warp Rod (2m)","0","0","0","0"
"d6c8b7aa-bdcd-459a-a2ec-fbbba09cffcf","Warp Terminator","0","0","0","0"
"154e5001-729c-4a9f-983b-342d3092a0f3","Connector","0","0","0","0"
"310a7a9a-8d4e-4365-a877-1a8e2bac2a81","Controller","0","0","0","0"
"86a6eb4b-cb64-4451-9dc5-94efff6b8ed6","Ejector Add On","0","0","0","0"
"4aa8cfcb-7aeb-430b-9726-f8bb8d8f4124","Identify Friend Or Foe Add-on","0","0","0","0"
"87d9e52e-6386-4e93-ae29-aab2522f3edb","Large Gantry","0","0","0","0"
"cd788eca-ec52-40d2-bf17-48a6d47e569e","Large Gantry Left","0","0","0","0"
"6a166a7c-dc50-401c-8498-3a7d6b7f09e7","Large Launcher","0","0","0","0"
"43d357dd-d896-4f43-a0ff-8c3b091267c4","Large Launcher Left","0","0","0","0"
"a85fe5af-6d4a-4fcb-9744-d9d23fff5046","Large Missile Hatch 2x2","0","0","0","0"
"9815045c-62a7-4bef-90f6-b385a26754ca","Large Missile Hatch 2x2","0","0","0","0"
"eb38713d-831b-4118-8dad-a6551c1f7268","Large Missile Hatch 4x4","0","0","0","0"
"98a9e52e-6386-4e93-ae29-aab2522f3edb","Large Rail Gantry","0","0","0","0"
"76c9e52e-6386-4e93-ae29-aab2522f3edb","Large Rail Gantry (invisible)","0","0","0","0"
"c0a9174a-0685-48cc-a930-a3dadf614936","Large Rail Gantry (invisible) left","0","0","0","0"
"437fdc18-7d37-47d1-81f9-79aede662a26","Large Rail Gantry Left","0","0","0","0"
"54a66bcd-dc50-401c-8498-3a7d6b7f09e7","Large Rail Launcher","0","0","0","0"
"77b3c67d-f649-438c-8e24-5779c0f0bdbf","Large Rail Launcher Left","0","0","0","0"
"6222ad4d-f6d8-48c0-9f27-10e2b64d7481","Laser Emitter","0","0","0","0"
"dc17bd30-20ac-47c3-9c42-af6b3cdebf6e","LUA Transceiver","0","0","0","0"
"b1ef236a-9ecb-406c-b4f0-6ef0fbb50bd1","Medium Gantry","0","0","0","0"
"8bb3a572-1dd2-4bf4-a6a2-83698310ea82","Medium Gantry + Aerodynamic Hatch","0","0","0","0"
"ddde6a1e-6273-4bd9-ba1d-cb3380f38408","Medium Gantry + Hatch","0","0","0","0"
"bfb82ee6-345a-44a4-84e1-d6706cc8b29d","Medium Launcher","0","0","0","0"
"c743b888-a53c-42b8-b4f0-3afc6d763617","Medium Launcher (reversed)","0","0","0","0"
"44cdf22f-f4b9-43bc-aaff-2d4ae6c80503","Medium Rail Gantry","0","0","0","0"
"912404d2-30c9-47c5-8430-5e2834b64271","Medium Rail Gantry (invisible)","0","0","0","0"
"8ba7a591-3923-4344-9f87-0588c6a1aba0","Medium Rail Launcher","0","0","0","0"
"72091a02-bab4-40a7-9ee0-4c180ee24f99","Missile Radar Buoy Holder","0","0","0","0"
"2be9c88d-be24-4880-aa12-ea8dc685a726","Missile Sonar Buoy Holder","0","0","0","0"
"639405b3-d2bf-4eb6-aef3-72f7e62bf151","Small Gantry","0","0","0","0"
"2cf00d3a-02a2-4d77-a432-9b1e7d52aa3a","Small Gantry + Hatch","0","0","0","0"
"1b9aa074-9b04-4b5c-b30e-35bdfa0e0835","Small Launcher","0","0","0","0"
"8cfd4184-ee25-4431-8c83-b9f0bf214625","Small Rail Gantry","0","0","0","0"
"f0bc9808-c1d6-49c4-967e-3ff2de9379cf","Small Rail Gantry (invisible)","0","0","0","0"
"a7aaf947-f16c-489b-a10e-b48d03e0d209","Small Rail Launcher","0","0","0","0"
"9dfd4184-ee25-4431-8c83-b9f0bf214625","Small Single Rail Gantry","0","0","0","0"
"f1cc9808-c1d6-49c4-967e-3ff2de9379cf","Small Single Rail Gantry (invisible)","0","0","0","0"
"b8bbf947-f16c-489b-a10e-b48d03e0d209","Small Single Rail Launcher","0","0","0","0"
"d30acc39-3742-47bd-82de-f5e1b9af565d","Staggered fire add-on","0","0","0","0"
"b0c166d0-c6dd-4328-97a9-335c25fff2fb","Winch","0","0","0","0"
"d2cccaa0-415a-413a-964e-ff747f20b964","Elevation only Turret","0","0","0","1"
"74c982f4-305f-411e-a8b4-d193315ab3bc","Fortress","0","0","0","1"
"9d4fa368-3e44-4262-a213-4157a14d3677","One Axis Turret","0","0","0","1"
"05537cc1-9df6-4395-a3d4-1db6226c62b5","One Axis Turret (3m)","0","0","0","1"
"7161f887-4de6-4b5e-9066-f39d6cad9f16","One Axis Turret (5m)","0","0","0","1"
"382a7650-2231-4867-96e4-8d97242a4741","Sky Fortress Turbine","0","0","0","1"
"788700be-1e74-46d7-9e34-1a5ec2747548","Spin / Turn block","0","0","0","1"
"cdca5dec-eeee-4849-9b2e-73b23e216465","Spin block","0","0","0","1"
"cb5bfa64-c3fd-435c-b0da-3891a86b20d2","Structure","0","0","0","1"
"2e86af10-00e0-4dad-9cac-3b87ca9e468d","Telescopic Piston (1m) Block","0","0","0","1"
"d83e6a25-e6c3-49df-9d0b-de3c5edb579b","Telescopic Piston (1m) Constructable","0","0","0","1"
"6ebdb4c7-5626-4051-a91f-21fe6e636263","Telescopic Piston Block","0","0","0","1"
"107478fd-2a4d-4fb0-81b9-1a448d3ba987","Telescopic Piston Constructable","0","0","0","1"
"2c56eeab-7432-4c31-b413-68b0ee7e2d7c","Turret Block Elevation only","0","0","0","1"
"8f461b33-37cf-4049-b04c-4aa0d2292e2d","Turret Block One Axis","0","0","0","1"
"c310aa38-b723-4a66-8700-47cffe7647f4","Turret Block One Axis (3m)","0","0","0","1"
"b7c60d19-d652-4fcc-af1a-85409c9c131f","Turret Block One Axis (5m)","0","0","0","1"
"c5cec892-2e43-4905-9d28-44fc8ecb5cc7","Turret Block Two Axis","0","0","0","1"
"213026bc-fd7a-44e6-b543-a31c219aaef0","Two Axis Turret","0","0","0","1"
"e63040c9-0027-4fd3-be30-67fe3e950140","Vehicle","0","0","0","1"
"2f7f61ae-79f1-4139-a790-3f2c26bda4e4","Reinforced Wood","0","0","0","0"
"d92c5b73-d0fd-423e-98fc-76b1cd91b524","Reinforced Wood 2m","0","0","0","0"
"50bdd099-dd8d-43f8-b43d-dd14c60be096","Reinforced Wood 3m","0","0","0","0"
"6e2afb0f-97b6-4017-b14c-158146da6854","Reinforced Wood 4m","0","0","0","0"
"31277649-04ec-45db-adfc-4a7d0a73686a","Ammo Barrel","0","0","0","0"
"82b2446e-c12e-436a-8340-76d38372ead1","Ammo Parts Box","0","0","0","0"
"b665e908-9db0-4c06-a209-1a7e9f41f283","Ammunition Processor","0","0","0","0"
"8600329a-4b2b-44c7-8e66-634b0d81ce3d","Battery","0","0","0","0"
"38e9a85a-ac7d-4cb0-bd43-a5ae2099640c","Battery Storage Beam","0","0","0","0"
"56c27d46-39b3-4ac1-b4f7-71c118d8dde9","Battery Storage Large","0","0","0","0"
"ee47622e-4eb6-4fd0-81f7-97b33adde8d2","Battery Storage Medium","0","0","0","0"
"56450137-c20f-4793-972c-fb3fe56ae8d5","Battery Storage Medium (mirror)","0","0","0","0"
"0c0d49f3-83c0-41db-85f1-e7c27390cbdb","Coal Pile","0","0","0","0"
"24013612-7711-4f1a-8e5a-d9c540aa4884","Coal Pile Large","0","0","0","0"
"c8fe583a-357b-4fa6-86f1-fc2de639c909","Electric Engine","0","0","0","0"
"cf1cffd2-27e9-45b7-9720-0025e890f99b","Fancy Material Storage Large","0","0","0","0"
"f05191b9-468c-407b-9601-453a46fbaf1a","Fancy Material Storage Small","0","0","0","0"
"56b29112-55f3-4e0a-9279-f6437adb2847","Fuel Refinery","0","0","0","0"
"1327d1ea-c923-44cf-85b0-eb9e1e272167","Fuel Refinery Catalytic Cracker","0","0","0","0"
"6bcaa132-06af-423a-9998-8f73161a2f73","Fuel Refinery Coker","0","0","0","0"
"9f97c3df-a0a3-4fa4-8570-094a2e65d8aa","Fuel Refinery Desalter","0","0","0","0"
"4d9a507f-84a3-456a-8b60-6d1bf48816ca","Fuel Refinery Flare Stack","0","0","0","0"
"5d8870cd-d401-4b52-a3dc-641c02b3b31f","Fuel Storage Box","0","0","0","0"
"4f87eff7-616b-4663-8f11-cd7a7ddd3649","Fuel Storage Box (2m)","0","0","0","0"
"d661f0e7-7f81-4227-80dd-f93aed873630","Fuel Storage Box (3x3m)","0","0","0","0"
"9413049d-a4f7-4c1c-8b8a-d2f1f4c18e53","Fuel Storage Box (4m)","0","0","0","0"
"79015536-c137-4c87-a337-99dcf3deff81","Fuel Storage Tank","0","0","0","0"
"45886651-bb90-4ae9-9a8b-ad6658514f37","Material Gatherer","0","0","0","0"
"8cf1190e-6967-47cc-81c7-7258ec75d70e","Material Storage Locker Large","0","0","0","0"
"adb6b43b-06df-4daa-b8e6-bfaae277d6dd","Material Storage Locker Large (mirror)","0","0","0","0"
"52e52d0c-02d7-4965-a46e-93462e083659","Material Storage Locker Small","0","0","0","0"
"071de01c-2838-485b-bbae-9b3acfdbcdd9","Material Storage Tank Large","0","0","0","0"
"8951fabe-dbbf-4b32-82e2-e36da0b92fdb","Material Storage Tank Large (Head mirror)","0","0","0","0"
"4ac57cbd-c325-4d49-9e92-71ae3b6a65c6","Material Storage Tank Large (Head)","0","0","0","0"
"abb3675f-8a83-4f48-8bfb-3703a961c205","Material Storage Tank Large (mirror)","0","0","0","0"
"a7ac32e0-c6ad-4663-a543-c9d3a9f2d0ec","Material Storage Tank Small","0","0","0","0"
"f6ab96bf-1d6b-499b-be62-21dd8962d37d","Metal Material Storage Large","0","0","0","0"
"ca9ca28a-3488-405f-8d74-8a609440ee95","Metal Material Storage Large (mirror)","0","0","0","0"
"b63b85fc-685e-454f-8f93-31db02b95a05","Metal Material Storage Small","0","0","0","0"
"d405df88-2c4d-4b33-a051-583defdf72d8","Misc Material Storage Large","0","0","0","0"
"0eda844f-466e-4855-8f35-bcede968cdf9","Misc Material Storage Large (mirror)","0","0","0","0"
"949d3fba-3b60-49ed-a83b-7180822d6bc0","Misc Material Storage Small","0","0","0","0"
"8fd543c2-5d64-415f-befb-acb627cc1be3","Oil Drill","0","0","0","0"
"063eb06e-57e0-43dd-b85e-90baed4f025c","RTG (2m)","0","0","0","0"
"e8d04f75-a134-452e-a04a-af5172d65040","RTG (3x3m)","0","0","0","0"
"344a6bb2-dada-45f3-ba66-6fdbbb57f394","RTG (4m)","0","0","0","0"
"1c146ed1-3b8d-4171-ab72-42668e6827be","Scrap smelter base","0","0","0","0"
"8078b4a3-f928-41de-be6e-79ea410e8091","Scrap smelter top","0","0","0","0"
"a76daffa-ba3f-4c09-a947-5b694aca4448","Wooden Material Storage Large","0","0","0","0"
"2a488683-f25b-4ecb-aea6-9a1c96d1e372","Wooden Material Storage Large (mirror)","0","0","0","0"
"8746f5b3-e2a6-4067-95bc-9da3900690f8","Wooden Material Storage Small","0","0","0","0"
"6c0bab88-aa88-4825-9cf5-55df36aa12b8","Rubber Block","1","1","1","0"
"7e0913f6-9961-4697-b9cb-c87ca8b90dd7","Rubber beam (2m)","0","0","0","0"
"1fb9209d-f982-4326-847d-f276aef5dce2","Rubber beam (3m)","0","0","0","0"
"39cf32c0-8fde-4f01-9b68-977624fffe69","Rubber beam (4m)","0","0","0","0"
"533e9619-9a37-4d1b-b2fb-cc7b57eb3d03","Rubber beam slope diagonal cut (4m)","0","0","0","0"
"6cc729ae-3c7f-414d-ae3d-58229b99b9ea","Rubber beam slope diagonal cut (4m) mirrored","0","0","0","0"
"552d8144-11c0-46e6-8607-927f825b18be","Rubber down slope (1m)","0","0","0","0"
"d204f301-7ea9-4bcf-b9e8-34ed899de190","Rubber down slope (2m)","0","0","0","0"
"d62bca2a-ffe5-4316-8c43-269e5393db6e","Rubber down slope (3m)","0","0","0","0"
"2a31679e-2d6e-4598-95e2-4016ed834e9c","Rubber down slope (4m)","0","0","0","0"
"b55a09cd-3aa8-40b0-b3fa-ae07a6941b77","Rubber inverted corner (right) (1m)","0","0","0","0"
"7c40569c-b0cd-47ba-b963-06664010253e","Rubber inverted triangle corner (left) (1m)","0","0","0","0"
"0bb9718c-bbe8-4b8d-b1a5-fa0f36041e8d","Rubber inverted triangle corner (left) (2m)","0","0","0","0"
"0173899d-e703-414b-bfda-6788d2cdfc08","Rubber inverted triangle corner (left) (3m)","0","0","0","0"
"b39f6e0c-fc73-4e96-83f5-3d5b884f076a","Rubber inverted triangle corner (left) (4m)","0","0","0","0"
"98f6c067-1d29-4d8b-83d6-62faec838220","Rubber inverted triangle corner (right) (2m)","0","0","0","0"
"92d0134d-7fa4-4cf7-9198-f1b0951d1fac","Rubber inverted triangle corner (right) (3m)","0","0","0","0"
"fa3c8603-784c-4a76-9f1a-dbc233e97034","Rubber inverted triangle corner (right) (4m) mirrored","0","0","0","0"
"4da4057d-1f5a-4d82-97dd-10502ae2bb80","Rubber pole (1m)","0","0","0","0"
"b9dc2e43-033c-4520-93e9-9c905bae5729","Rubber pole (2m)","0","0","0","0"
"25c83f33-5aba-462a-bebe-8f302af1a5ee","Rubber pole (3m)","0","0","0","0"
"a67de77b-62e2-4262-9aba-835a29c2cdac","Rubber pole (4m)","0","0","0","0"
"707f2551-c603-4183-b84d-9cd5a4a52f19","Rubber square corner (left) (1m)","0","0","0","0"
"c4d56b61-1df3-4e38-8d2f-ec97ff2c169a","Rubber square corner (left) (2m)","0","0","0","0"
"b98d48e3-ab09-4fb3-b0c4-28ec9990de2b","Rubber square corner (left) (3m)","0","0","0","0"
"f43c04aa-72f1-4de4-bc28-4c3bd7439fac","Rubber square corner (left) (4m)","0","0","0","0"
"7c89899e-b28d-4032-8e0a-0321ae8c381e","Rubber square corner (right) (1m)","0","0","0","0"
"2c680c33-b254-447a-9155-76eba414d511","Rubber square corner (right) (2m)","0","0","0","0"
"fc42430d-1e52-4825-a115-d603e633f23a","Rubber square corner (right) (3m)","0","0","0","0"
"2f6ea991-33b9-469c-890e-411053fb9a06","Rubber square corner (right) (4m)","0","0","0","0"
"aa8734e8-095a-4105-9436-f76a0c69a02b","Rubber triangle corner (left) (1m)","0","0","0","0"
"455eb785-58ca-4494-b21a-5f2636908104","Rubber triangle corner (left) (2m)","0","0","0","0"
"9d8725bf-e97b-4e84-9077-f02c069cdc48","Rubber triangle corner (left) (3m)","0","0","0","0"
"290e5534-4d14-4b0e-a83f-756d89fc0b2e","Rubber triangle corner (left) (4m)","0","0","0","0"
"82180117-4e72-4c87-b6d3-6a2f666ae433","Rubber triangle corner (right) (1m)","0","0","0","0"
"d25b518f-83e6-422f-a479-3acd280ddf43","Rubber triangle corner (right) (2m)","0","0","0","0"
"3157b109-d0f8-4cd3-a534-40fa2dac03d1","Rubber triangle corner (right) (3m)","0","0","0","0"
"77a64131-75a3-4912-a9a8-7ece10e2c95a","Rubber triangle corner (right) (4m) mirrored","0","0","0","0"
"f9b1d3e4-c4c8-47eb-9547-b4bf3f3ba730","Rubber wedge (1m)","0","0","0","0"
"f4b61ebc-c689-4263-9fde-5f9b705a0525","Rubber wedge (2m)","0","0","0","0"
"8ae27624-fdce-4a7c-bb09-690cce904826","Rubber wedge (3m)","0","0","0","0"
"711936f2-7dba-4537-92aa-c6419b6e8844","Rubber wedge (4m)","0","0","0","0"
"ff29acc9-e565-47eb-875d-c279d73c8c70","Rubber wedge back (1m)","0","0","0","0"
"bf52f547-0b50-4e21-b838-57866c33d104","Rubber wedge back (2m)","0","0","0","0"
"90822c1a-d4a3-4d62-8405-50b551eed87a","Rubber wedge back (3m)","0","0","0","0"
"cdab7fc2-ebf1-4a85-aacf-6fd1c95498a9","Rubber wedge back (4m)","0","0","0","0"
"b3d4e1ff-090d-443e-a571-d4b522eed959","Rubber wedge front (1m)","0","0","0","0"
"59fa8786-9c0a-4ac4-a15a-a62dd267d9df","Rubber wedge front (2m)","0","0","0","0"
"45a4bb52-ab79-4933-a342-ce5858b4d41a","Rubber wedge front (3m)","0","0","0","0"
"337792f8-a31a-46de-a022-d9e26ff927a8","Rubber wedge front (4m)","0","0","0","0"
"9b8657b9-c820-43a0-ad19-25ea45a100f1","Auto Cannon","0","0","0","0"
"eadfab64-b2a7-4704-8241-37ae3b42f705","Drill","0","0","0","0"
"fc4f02ab-2e74-4deb-8d83-ca3da65c99ff","Drill Bit (Large)","0","0","0","0"
"edf0442a-4976-43f4-9a9c-66e43f0353ff","Drill Bit (Small)","0","0","0","0"
"197f8869-1891-4e7d-9465-97b9183aed22","Drill Extension","0","0","0","0"
"1af0aadf-7edc-401a-9750-0074b8b46b6a","Drill Extension horizontal splitter","0","0","0","0"
"51cfbd8b-5223-4101-b4f3-f62872a82b58","Drill Extension vertical splitter","0","0","0","0"
"58305289-16ea-43cf-9144-2f23b383da81","Large Cannon","0","0","0","0"
"5cf2b4da-c1b8-4005-930b-73cc39ac9d28","Laser","0","0","0","0"
"83e8cf5c-ad5a-4cfd-a0d0-eb4ca9f48127","Power Input","0","0","0","0"
"c0e407e9-fc15-43fa-9a61-4c79a3acb6a9","Ram","0","0","0","0"
"c94e1719-bcc7-4c6a-8563-505fad2f9db9","Small Cannon","0","0","0","0"
"dfb470c9-e7f2-4530-9b5b-3de8214501da","Torque Amplifier","0","0","0","0"
"b633f303-0131-489a-ad4c-68b94fc5d93f","5m 2m Sealed Propeller Shaft","0","0","0","0"
"0f172964-3bad-437d-b17c-0b52c8ddc43a","5m Axis-Shifting Gears L","0","0","0","0"
"aac4a0a5-9ff4-489d-a119-ea1b6e56ea87","5m Axis-Shifting Gears R","0","0","0","0"
"09bec717-8b13-40ab-8468-0630cae1e964","5m Cased Crank","0","0","0","0"
"23797716-3986-4ee7-8fed-f7884a10d810","5m Engine Shaft","0","0","0","0"
"eb8186f4-6c24-48e6-b918-0aaea3bde6c9","5m Engine Shaft Bearing","0","0","0","0"
"02f0c77e-2d93-4ecf-baad-5918e1825a96","5m Generator","0","0","0","0"
"41f8d920-d038-4bd9-b84d-01603ac7a534","5m Huge Gearbox","0","0","0","0"
"4479a607-8cbf-45de-bd6b-1de26e70423b","5m Piston","0","0","0","0"
"ceae02f9-2a21-40a0-b0d5-fdb0e4975826","5m Propeller 5m","0","0","0","0"
"3d03785a-21b9-42c7-8acb-17cf43de9d58","5m Propeller 7m","0","0","0","0"
"b6184e42-1647-4bd2-8465-f8b88f76621f","5m Propeller Shaft","0","0","0","0"
"57b2c11e-8eea-4e0e-a102-56021b8df30f","5m Reduction Gear","0","0","0","0"
"8266bc4e-7dc4-4c3a-bef9-9dddf4dab8d2","5m Wheel","0","0","0","0"
"1af1b76e-23df-495e-8bc7-711ce2c221f8","Boiler (Huge)","0","0","0","0"
"b44be747-32cb-41b7-9e1e-21472534b4b8","Boiler (Large)","0","0","0","0"
"811379b2-2e27-4268-b821-940766960802","Boiler (Small)","0","0","0","0"
"bd32505c-29b2-4ff2-aa27-4ab3018b6706","Boiler Connector (Huge)","0","0","0","0"
"16e58d6d-30ce-40ac-a80e-ea153a3608a8","Boiler Control (Huge)","0","0","0","0"
"2f3a940f-b0fb-42ab-aabf-f1c933fe0264","Boiler End (Huge)","0","0","0","0"
"76fb5718-e965-46ab-9f0c-c82baf648abf","Compact Turbine","0","0","0","0"
"0e11729e-09d9-4a3c-83dd-1ee16ed4f2f8","Corner Pipe","0","0","0","0"
"4d7a6918-e6ed-4328-a7b6-1f5e874618d5","Firebox","0","0","0","0"
"a3114f91-5182-4803-9ec6-fc1e6a7f9a87","Firebox","0","0","0","0"
"57d0b848-3bf5-45db-bfe2-447933aee7fd","Gearbox Large","0","0","0","0"
"a91233a6-a786-4ca8-b50f-9faca5cb3733","Gearbox Small","0","0","0","0"
"1c4e94a1-c36a-4b8f-86be-a9b2ae736a71","Large Turbine End","0","0","0","0"
"dbd44b5e-acc7-4797-9c06-a07b19f03bdd","Large Turbine Front","0","0","0","0"
"25ae7b90-4e78-49c3-8bd5-59712fc87b77","Large Turbine Middle","0","0","0","0"
"fd0d5e77-2074-4c3e-b708-4a2c0cc6f7a4","Large Turbine Window","0","0","0","0"
"1bc2df6d-f59e-40f4-ade3-83a357676123","Pipe","0","0","0","0"
"3cdfdc8b-a6ec-4aa9-bd10-0aab93237825","Pipe (2m)","0","0","0","0"
"267adeca-82e1-4578-8d3f-85608cd0aa87","Pipe 3 Way","0","0","0","0"
"737a55bf-3ab9-472d-ac49-61309a13ef57","Pipe 3 Way (2)","0","0","0","0"
"c5555c97-f068-435d-8e2a-635bbc184c16","Pipe 3 Way (2) (mirror)","0","0","0","0"
"bdfe2fc5-2d18-4c27-a2fe-c1a83f962730","Pipe 4 Way","0","0","0","0"
"31d3adbb-83ec-47aa-b2fa-7c874d710459","Pipe 4 Way (2)","0","0","0","0"
"03fc3659-217c-4189-9da1-1d9ae8b29f2a","Pipe 4 Way (2) (mirror)","0","0","0","0"
"d3f65018-2833-4746-9425-dd78590f4f26","Pipe 4m","0","0","0","0"
"cd90265f-4593-446b-9153-623c2f339dc0","Pipe 5 Way","0","0","0","0"
"cd4d4ab6-0652-46dd-b887-71714317f470","Pipe 6 Way","0","0","0","0"
"62ecbf4b-19da-481e-8910-6201521c4bd9","Pipe Hull","0","0","0","0"
"b82023a0-5f10-4648-8230-74b159f6b185","Pipe Vent","0","0","0","0"
"ff8b571c-728e-4f81-9bad-3938ae8c540a","Shaft Axis Shifting Gears 1m","0","0","0","0"
"0fa43634-33a6-469e-9689-ffedb05b3a33","Shaft Axis Shifting Gears 3m","0","0","0","0"
"ce84541b-a7f2-4d49-9074-040217580385","Shaft Crank (1m)","0","0","0","0"
"c40ae12e-bf54-40ad-aa30-2278d78f86bc","Shaft Crank (3m)","0","0","0","0"
"afbc81cf-82bc-4f9b-a96d-079f5cd12130","Shaft Crank Cased (1m)","0","0","0","0"
"094e242e-85be-433b-b64a-1c951695568f","Shaft Crank Cased (3m)","0","0","0","0"
"4e4e3ca6-b90d-484d-80e4-6fe6b0261532","Shaft Generator (1m)","0","0","0","0"
"c11040bb-b868-4ab9-91c6-6a3924cd5c19","Shaft Generator (3m)","0","0","0","0"
"d43a0af4-69e3-4f28-a0fc-9d36b21273e2","Shaft Large Propeller 3m","0","0","0","0"
"a054889a-5380-4361-95e0-4482cf8bbe9f","Shaft Piston (2m)","0","0","0","0"
"7ebdfa78-1942-457e-8f30-f178525bb5f1","Shaft Piston (4m)","0","0","0","0"
"f908dad2-4ca1-470b-b786-63ddc91f9432","Shaft Propeller Shaft 1m","0","0","0","0"
"6542630e-e790-4c24-9888-c949b4723ee4","Shaft Propeller Shaft 3m","0","0","0","0"
"c37830f6-bd7b-4c92-bf6e-cf902bbf8d0b","Shaft Reduction Gear 1m","0","0","0","0"
"d3e77516-fa1c-4f78-acbe-731bb2a0e698","Shaft Reduction Gear 3m","0","0","0","0"
"6a8db77a-73a9-45c2-845b-1d3d4804d7ff","Shaft Reduction Gear 3m Mirror","0","0","0","0"
"f1cd8c28-fa65-48db-8049-1858a7fc6db3","Shaft Sealed Propeller Shaft 1m","0","0","0","0"
"91db1f04-92a2-47c9-a3ea-be8cf37b60a7","Shaft Sealed Propeller Shaft 3m","0","0","0","0"
"0e25d9c8-9b52-40db-9979-3d1492d9ffeb","Shaft Shaft (1m)","0","0","0","0"
"9e41c3e8-db93-41db-9ce3-95b248af6c68","Shaft Shaft (3m)","0","0","0","0"
"3f95907f-c66f-4211-96d6-5765857a34de","Shaft Shaft Bearing 1m","0","0","0","0"
"a5556bd2-0d78-48d1-bfa6-dbdd08443680","Shaft Shaft Bearing 3m","0","0","0","0"
"bf008077-997c-4371-a116-57de7d351fe7","Shaft Small Propeller 1m","0","0","0","0"
"0c5a2ff0-a0bf-490d-8cd7-219d71a1b629","Shaft Small Propeller 3m","0","0","0","0"
"abd1afe4-2fb2-4f91-94aa-39d56f94ca05","Shaft Wheel (1m)","0","0","0","0"
"7d016aa1-e2b3-4fb0-a51e-8e01df77c6c5","Shaft Wheel (3m)","0","0","0","0"
"9f96d700-d8bc-4aa1-bce8-f284a9117bc7","Small Turbine End","0","0","0","0"
"5ed70947-70c6-4e1d-9241-7d670874a07f","Small Turbine Front","0","0","0","0"
"caeab2bf-c814-43f2-a220-e13b6d557034","Small Turbine Middle","0","0","0","0"
"d34728c0-95de-49fd-a23d-735c7084556f","Small Turbine Window","0","0","0","0"
"10c9e65e-ea35-47c9-a8a7-4de86c6438b8","Steam Control (Large)","0","0","0","0"
"0639fbba-70be-4398-857c-6786dab39bea","Steam Control (Small)","0","0","0","0"
"2588c8c7-5347-4d68-b9a0-c794e5fdf408","Turbine Generator (Large)","0","0","0","0"
"33d7dc96-ff04-4178-8f67-9c380d26f168","Turbine Generator (Small)","0","0","0","0"
"c7a19161-b361-4074-8c51-2398a0a70d1b","Stone beam (4m)","1","1","4","0"
"710ee212-563b-42f8-acd1-57515479524d","Stone Block","1","1","1","0"
"6cd6c6bd-da8b-483f-ace2-fa427a07d91a","Stone beam (2m)","0","0","0","0"
"d47815a1-9052-4885-8d17-8c9cb3eab72b","Stone beam (3m)","0","0","0","0"
"dec02cea-91bb-41fe-9241-8c99711ce1f1","Stone beam slope diagonal cut (4m)","0","0","0","0"
"ca247c84-51a6-4435-a327-38afb91eb13e","Stone beam slope diagonal cut (4m) mirrored","0","0","0","0"
"11fcac17-e3b9-47d5-aeb8-2224d86b2f1d","Stone down slope (1m)","0","0","0","0"
"66aa8853-094a-41ef-aa96-a2d658b21305","Stone down slope (2m)","0","0","0","0"
"9e204cce-876c-4d9d-af0e-65ec39cf1ba4","Stone down slope (3m)","0","0","0","0"
"cf8b2e90-abe7-4a4f-9596-253364004394","Stone down slope (4m)","0","0","0","0"
"fd702655-7c67-42e7-b2ff-c53d134c3b3f","Stone inverted corner (right) (1m)","0","0","0","0"
"c4c6b83c-f147-46a9-9a20-d3273c5890cd","Stone inverted triangle corner (left) (1m)","0","0","0","0"
"3d2afcd1-3c4f-43a2-a23f-ec76fb00b2d7","Stone inverted triangle corner (left) (2m)","0","0","0","0"
"fa0e8280-a5f8-45ea-b861-a14cdd3a9151","Stone inverted triangle corner (left) (3m)","0","0","0","0"
"5227e81c-c16e-474a-9d9f-2311b88b84e2","Stone inverted triangle corner (left) (4m)","0","0","0","0"
"a60e954e-6b51-4a57-9d1f-f9dcdf31ab4c","Stone inverted triangle corner (right) (2m)","0","0","0","0"
"95b6ce46-fb5b-46b0-b270-3894a6dd22e4","Stone inverted triangle corner (right) (3m)","0","0","0","0"
"aae589dd-4a56-4749-887b-dd4e3f7144e7","Stone inverted triangle corner (right) (4m) mirrored","0","0","0","0"
"e62d5f04-5c7a-4524-b97d-d60504babb2f","Stone pole (1m)","0","0","0","0"
"a1ec94dd-9495-467a-8f4f-d173ab20ae00","Stone pole (2m)","0","0","0","0"
"1403e1cd-1b91-4ccb-bb57-eebf1b1e0b16","Stone pole (3m)","0","0","0","0"
"305982c6-9839-419f-954d-1c84740dbf05","Stone pole (4m)","0","0","0","0"
"d6b09745-b47f-460b-ad9b-5aaec46b3871","Stone square corner (left) (1m)","0","0","0","0"
"a90d3d6b-9daf-41d8-8b67-9356a95f02bd","Stone square corner (left) (2m)","0","0","0","0"
"8ee6e0a8-3ac9-4020-adc8-2b7edd4bd38d","Stone square corner (left) (3m)","0","0","0","0"
"2a0ce564-9c8e-4784-8d35-9b9e36b30c02","Stone square corner (left) (4m)","0","0","0","0"
"851e472d-1e20-4fc9-a3b3-eb9ccd12d15f","Stone square corner (right) (1m)","0","0","0","0"
"fe8eabc0-0813-42f1-a816-442b0c45b9c8","Stone square corner (right) (2m)","0","0","0","0"
"4b3b94cd-eb73-4d94-a226-a1b7a927261d","Stone square corner (right) (3m)","0","0","0","0"
"21be97ec-39e7-4ad3-9644-3a7a6cf396ad","Stone square corner (right) (4m)","0","0","0","0"
"386512bc-237b-4faa-a989-323c270dec4c","Stone triangle corner (left) (1m)","0","0","0","0"
"f64a64e3-7668-4610-b065-96fea40d221b","Stone triangle corner (left) (2m)","0","0","0","0"
"985cbecd-1778-4296-a640-1b58c7958452","Stone triangle corner (left) (3m)","0","0","0","0"
"9aa01c12-8093-436c-a947-1a48297cf60f","Stone triangle corner (left) (4m)","0","0","0","0"
"7d1cb6b4-963e-4bd8-b069-3c08e6a4aeac","Stone triangle corner (right) (1m)","0","0","0","0"
"26b8ee96-5312-478f-840e-850961ee25b2","Stone triangle corner (right) (2m)","0","0","0","0"
"1fc65b9c-7097-4186-be59-ecf1581c10cf","Stone triangle corner (right) (3m)","0","0","0","0"
"85f92acd-49e2-42b7-aa9a-fb1059976163","Stone triangle corner (right) (4m) mirrored","0","0","0","0"
"0630b5e3-d51b-4441-8533-c054e018ee64","Stone wedge (1m)","0","0","0","0"
"79bd4565-912e-478e-95e8-2c8305c13d5e","Stone wedge (2m)","0","0","0","0"
"4dd25db2-deca-4751-8c22-c5163b231a3e","Stone wedge (3m)","0","0","0","0"
"97b930b4-913f-41b9-bc28-a7713c68410b","Stone wedge (4m)","0","0","0","0"
"2456a5f2-7ee9-469e-924f-eb45db0f6850","Stone wedge back (1m)","0","0","0","0"
"8dac1274-e61e-4db1-ab93-38acfa5747f9","Stone wedge back (2m)","0","0","0","0"
"3bcf1786-92ae-4fea-b8d4-aec131d0c342","Stone wedge back (3m)","0","0","0","0"
"cfc729fc-8799-4b3c-a590-e3fd0d0ef79f","Stone wedge back (4m)","0","0","0","0"
"f17b9bf1-9ab9-45b4-8efb-8a847770bd1b","Stone wedge front (1m)","0","0","0","0"
"411cca8d-244b-446b-86e9-2bf219d557e8","Stone wedge front (2m)","0","0","0","0"
"08a5210f-5710-4552-a8a4-d7894fded8d4","Stone wedge front (3m)","0","0","0","0"
"ed94d7a4-c054-42aa-97b0-c946519fc313","Stone wedge front (4m)","0","0","0","0"
"8331c71c-5725-472d-ad2e-65e4110982b7","Air Pump","0","0","0","0"
"dd9dd993-3f46-47ca-bfc0-80f37e183e9b","Articulated Paddle","0","0","0","0"
"3a59c6f8-59dc-4a12-8fd3-c509a9d84906","Boat Propeller","0","0","0","0"
"a8dcd83f-ec5f-40fc-901e-0bf45a8e551b","Boat Propeller circular","0","0","0","0"
"2078227e-d38c-4f58-abd0-6f4878806a9f","Boat Rudder","0","0","0","0"
"9710b923-9e8c-4762-aa74-bffefb263a7e","Huge propeller","0","0","0","0"
"576e79a6-07e1-4485-903d-e5929d512c08","Huge propeller circular","0","0","0","0"
"953f1c50-c18f-43f4-815a-c19e5aff7af7","Hydrofoil","0","0","0","0"
"ba1d3193-abc5-4b8c-a512-e8fffe95ad99","Paddle","0","0","0","0"
"2d43288e-d05d-4ae8-8929-85ca0bb2d27d","Rudder Attachment","0","0","0","0"
"b11cc1e0-cef9-42fc-8101-7faedd5cfc63","Rudder Curve Large","0","0","0","0"
"1b59381d-d699-4ead-884f-1e069364bf9b","Rudder Curve Large Huge","0","0","0","0"
"c947b280-da3e-473d-9727-8294bc7d0821","Rudder Curve Large Small","0","0","0","0"
"2ca22754-0636-407b-a101-eb58c78814e3","Rudder Curve Small","0","0","0","0"
"41dbf539-27a7-4240-91ff-9ff523d008bf","Rudder Square","0","0","0","0"
"242be860-8b25-4bdc-91fd-c1fecba9a7f1","Rudder Square Small","0","0","0","0"
"97c962ec-6ae2-4d92-92a4-7b305df835a4","Rudder Trap Large Huge","0","0","0","0"
"cac80cc3-1d8e-4c2e-b904-09ba3374f940","Rudder Trap Large Small","0","0","0","0"
"e63736e0-d496-4b0c-a36a-00dba970b829","Rudder Triangle Large","0","0","0","0"
"02008b7b-1f99-4333-88f8-bb07a0e7e857","Rudder Triangle Large Small","0","0","0","0"
"1dc0c474-f547-4570-85ed-6dc2f7ab33dd","Rudder Triangle Small","0","0","0","0"
"2b58c066-e38e-4a21-af64-17b2bb5bed0d","Rudder Triangle Small Huge","0","0","0","0"
"968caa09-3778-40bd-97f9-0efffa676803","Sail Attachment","0","0","0","0"
"48122725-f6bd-45e5-a6a4-40fa2ffee1d4","Sail Main Block","0","0","0","0"
"b1ec687f-252d-4b35-b57f-a0cf0bb72212","Sail Main Block (Square Rig!)","0","0","0","0"
"8ca7ff43-d384-4588-a069-48ec57765db0","Sail Winch","0","0","0","0"
"5c76e88d-29e4-4078-aed2-7686d5b1eec7","Weather Vane","0","0","0","0"
"362cf2d2-533d-4622-b2c1-490843662d97","Weather Vane circular","0","0","0","0"
"de36c624-8c78-4b52-8d86-431cec16a306","Wood beam (2m)","1","1","2","0"
"39553630-8281-40e4-96fb-b01c1f3537e6","Wood beam (3m)","1","1","3","0"
"05475442-0e52-4e0b-9fbb-2715f0e54f97","Wood beam (4m)","1","1","4","0"
"2ee817c1-f2a3-407a-847d-b97ffb844e45","Wood beam slope diagonal cut (4m)","1","1","4","0"
"d077c2a4-4578-4965-9318-c14bb7ac1bd6","Wood beam slope diagonal cut (4m) mirrored","1","1","4","0"
"9a0ae372-beb4-4009-b14e-36ed0715af73","Wood Block","1","1","1","0"
"f72b5a6e-081e-4889-b041-a90b2ca7ae4e","Wood Block Variant","1","1","1","0"
"5631c137-ebe8-463b-880b-f7a6992d84d9","Wood Block Variant 10","1","1","1","0"
"e4786dcc-b1d5-4380-a0b9-c55d32ae6d82","Wood Block Variant 11","1","1","1","0"
"7854121c-adb3-4615-9646-25ed8bd13b53","Wood Block Variant 12","1","1","1","0"
"26d9ad5a-baf7-473d-a43a-dcc6e6d7ebf6","Wood Block Variant 13","1","1","1","0"
"26e35912-060b-4a13-a299-a2b0019ab6bc","Wood Block Variant 2","1","1","1","0"
"e5d3c632-b2dc-4be7-a5bc-623415f76d28","Wood Block Variant 3","1","1","1","0"
"4927aa86-8882-4b04-8ca7-44052bd00aa9","Wood Block Variant 4","1","1","1","0"
"ee5463c9-b9f8-4438-bb79-7f2364f69b61","Wood Block Variant 5","1","1","1","0"
"2db5d925-700e-4375-abcd-f79bb17a1855","Wood Block Variant 6","1","1","1","0"
"5a2c1219-d4e6-4bf4-a67d-c2b6478dc1e0","Wood Block Variant 7","1","1","1","0"
"b335e984-7bc1-4bb7-a3a6-44139d991f63","Wood Block Variant 8","1","1","1","0"
"1e311aa8-7a58-4ed9-a62e-bf236cf32982","Wood Block Variant 9","1","1","1","0"
"bdafa446-f615-49cb-94f3-d7652dde6cec","Wood down slope (1m)","1","1","1","0"
"b88679fb-0325-4c85-942f-ad9c6ed6545b","Wood down slope (2m)","1","1","2","0"
"caec26b3-847c-4876-80e1-e6206003ecb5","Wood down slope (3m)","1","1","3","0"
"3296c67d-6ace-44dd-8e86-335b9a90ad80","Wood down slope (4m)","1","1","4","0"
"17575457-18fa-43e0-a8cb-1331efc1c77e","Wood inverted triangle corner (left) (1m)","1","1","1","0"
"90ca403c-ddb5-4a55-ac6f-2ca2c970d6ad","Wood inverted triangle corner (left) (2m)","1","1","2","0"
"cefc210e-a06a-4e34-ace5-d24e5a525592","Wood inverted triangle corner (left) (3m)","1","1","3","0"
"ba05b02a-f2b2-4c5e-ba73-00a519535763","Wood inverted triangle corner (left) (4m)","1","1","4","0"
"c545a97c-6ac6-4181-a704-28031244aeb1","Wood inverted triangle corner (right) (1m)","1","1","1","0"
"6cc4ec54-404c-4989-9f85-9b59824faf96","Wood inverted triangle corner (right) (2m)","1","1","2","0"
"6c6cbf7a-6133-425b-8b29-41471889a67e","Wood inverted triangle corner (right) (3m)","1","1","3","0"
"fe628646-64da-462c-ac5c-1d4f976a129a","Wood inverted triangle corner (right) (4m) mirrored","1","1","4","0"
"9c0d97cf-0c99-4565-a931-b1c5bdf8fc1b","Wood square corner (left) (1m)","1","1","1","0"
"c7b07df3-6afe-4616-9dd4-64f7687e98e9","Wood square corner (left) (2m)","1","1","2","0"
"63fd0968-5f9e-4afd-bde5-0a7f36645ce5","Wood square corner (left) (3m)","1","1","3","0"
"27e60f25-016f-49ca-a7f2-8b1e194f1d78","Wood square corner (left) (4m)","1","1","4","0"
"f878fa09-cb47-4e1c-8f1e-df2544a6882a","Wood square corner (right) (1m)","1","1","1","0"
"12bfb5a0-772e-4d14-bb1a-00077211f70b","Wood square corner (right) (2m)","1","1","2","0"
"d61cc329-1652-4b93-9756-ac4380e5bd04","Wood square corner (right) (3m)","1","1","3","0"
"7d55bbc8-8692-40ee-944b-6b172680075a","Wood square corner (right) (4m)","1","1","4","0"
"1ae7e9fe-c0c4-4bb4-a0d6-28e21789a66c","Wood triangle corner (left) (1m)","1","1","1","0"
"dee106ea-3e91-4b03-92ef-33038c5681a0","Wood triangle corner (left) (2m)","1","1","2","0"
"93cbaa78-9185-424f-814b-b568c3358316","Wood triangle corner (left) (3m)","1","1","3","0"
"ae98ddb2-901d-402b-8ab0-149b778acdb8","Wood triangle corner (left) (4m)","1","1","4","0"
"6448ddc8-a3df-465f-b819-52f1cf347983","Wood triangle corner (right) (1m)","1","1","1","0"
"92159a6b-a1b6-4f8b-9c08-503f2cbbd572","Wood triangle corner (right) (2m)","1","1","2","0"
"1e8bb65d-51b6-42bb-813c-1fba696454e8","Wood triangle corner (right) (3m)","1","1","3","0"
"e2ea58d4-ee32-432b-8086-29bf5675e5f7","Wood triangle corner (right) (4m) mirrored","1","1","4","0"
"0b73f42f-ff32-4654-8857-aa13413bff33","Wood wedge (1m)","1","1","1","0"
"0cc588ec-037a-4eb1-b498-9f49a0669a36","Wood wedge (2m)","1","1","2","0"
"c82449ab-668c-4720-a641-381877751984","Wood wedge (3m)","1","1","3","0"
"2daf5d7e-b7bc-4017-bc0d-6fe32a676fa0","Wood wedge (4m)","1","1","4","0"
"0de95539-4751-4355-88bd-156f17b5f64a","Wood pole (1m)","0","0","0","0"
"155d151c-860c-4523-97b4-18a31c7579f1","Wood pole (2m)","0","0","0","0"
"57af2af7-29ce-4c97-b107-b59edffb6ce5","Wood pole (3m)","0","0","0","0"
"40509baf-e982-4a03-81dc-994b67ed0919","Wood pole (4m)","0","0","0","0"
"f97c324f-e10c-43e6-91a3-5480500ff374","Wood wedge back (1m)","0","0","0","0"
"e1a58b43-e0e0-4be9-8359-f54d5d15d1fa","Wood wedge back (2m)","0","0","0","0"
"dc01bf01-a961-48a4-9534-59dfa050538d","Wood wedge back (3m)","0","0","0","0"
"1fdae3d6-8960-4083-b122-44b110eea762","Wood wedge back (4m)","0","0","0","0"
"df546ee5-c317-4b04-8ea4-63f59f16bfd1","Wood wedge front (1m)","0","0","0","0"
"f1902ab2-589a-47a9-99e0-dbba65d82a6b","Wood wedge front (2m)","0","0","0","0"
"51474420-0731-4753-9693-3825fa906f4d","Wood wedge front (3m)","0","0","0","0"
"804b465e-e137-48f7-b1ca-6452034ce285","Wood wedge front (4m)","0","0","0","0"
